,class1,class2,domain1,domain2,GT,interdomain,weight,wikidata,coqex,gpt,prob_lesser,prob_greater,pred,acc
6182,island,dam,geographical_entity,geographical_entity,-1,False,1.0,1.0,-1.0,1.0,0.3741412144346301,0.6258587855653699,1,0
2801,book,satellite,creative_work,man-made_object,1,True,1.0,1.0,-1.0,1.0,0.3741412144346301,0.6258587855653699,1,1
1136,ancient civilization,fast food restaurant,geographical_entity,organization,-1,True,0.0,0.0,-1.0,-1.0,0.6234576753337372,0.3765423246662628,-1,1
8264,phytoplankton,football club,species,organization,1,True,-1.0,-1.0,1.0,1.0,0.3793288567889701,0.6206711432110299,1,1
1790,astronaut,travel agency,occupation,organization,-1,True,1.0,1.0,-1.0,-1.0,0.5708457552035261,0.4291542447964739,-1,1
10490,spacecraft,helicopter,man-made_object,man-made_object,-1,False,1.0,1.0,-1.0,-1.0,0.5708457552035261,0.4291542447964739,-1,1
7769,observatory,merchant ship,man-made_object,man-made_object,-1,False,-1.0,-1.0,-1.0,-1.0,0.6733108942104322,0.3266891057895678,-1,1
917,amphibian,coal power plant,species,organization,1,True,1.0,1.0,1.0,1.0,0.2828651901918614,0.7171348098081386,1,1
5072,formula one circuit,percussion instrument,man-made_object,man-made_object,-1,False,-1.0,-1.0,1.0,-1.0,0.5762495871181209,0.4237504128818791,-1,1
10187,snake,dam,species,geographical_entity,-1,True,-1.0,-1.0,-1.0,0.0,0.5801285571215558,0.41987144287844425,-1,1
10793,submarine,wind turbine,man-made_object,man-made_object,-1,False,1.0,1.0,-1.0,-1.0,0.5708457552035261,0.4291542447964739,-1,1
1931,bacteria,lawyer,species,occupation,1,True,-1.0,-1.0,-1.0,-1.0,0.6733108942104322,0.3266891057895678,-1,0
5792,hospital,formula one circuit,organization,man-made_object,1,True,1.0,1.0,-1.0,1.0,0.3741412144346301,0.6258587855653699,1,1
7451,nuclear power plant,book,geographical_entity,creative_work,-1,True,-1.0,-1.0,1.0,-1.0,0.5762495871181209,0.4237504128818791,-1,1
8747,police officer,board game,occupation,creative_work,1,True,1.0,1.0,1.0,1.0,0.2828651901918614,0.7171348098081386,1,1
1112,ancient civilization,bank,geographical_entity,organization,-1,True,-1.0,-1.0,-1.0,-1.0,0.6733108942104322,0.3266891057895678,-1,1
8696,play,skyscraper,creative_work,man-made_object,1,True,1.0,1.0,-1.0,-1.0,0.5708457552035261,0.4291542447964739,-1,0
11045,tree,actor,species,occupation,-1,True,-1.0,-1.0,1.0,1.0,0.3793288567889701,0.6206711432110299,1,0
10076,scientific paper,skyscraper,creative_work,man-made_object,1,True,1.0,1.0,-1.0,1.0,0.3741412144346301,0.6258587855653699,1,1
2687,board game,merchant ship,creative_work,man-made_object,1,True,1.0,1.0,-1.0,-1.0,0.5708457552035261,0.4291542447964739,-1,0
9128,politician,world heritage site,occupation,geographical_entity,1,True,1.0,1.0,1.0,-1.0,0.4674213924851056,0.5325786075148944,1,1
1280,animation feature film,submarine,creative_work,man-made_object,1,True,1.0,1.0,-1.0,1.0,0.3741412144346301,0.6258587855653699,1,1
3815,dam,board game,geographical_entity,creative_work,-1,True,1.0,1.0,1.0,0.0,0.3704244464631621,0.6295755535368379,1,0
1619,astronaut,animation feature film,occupation,creative_work,-1,True,-1.0,-1.0,1.0,-1.0,0.5762495871181209,0.4237504128818791,-1,1
6227,island,nuclear power plant,geographical_entity,geographical_entity,1,False,1.0,1.0,-1.0,1.0,0.3741412144346301,0.6258587855653699,1,1
2366,bee,space station,species,man-made_object,1,True,1.0,1.0,1.0,1.0,0.2828651901918614,0.7171348098081386,1,1
779,airport,national dance,geographical_entity,creative_work,1,True,1.0,1.0,-1.0,1.0,0.3741412144346301,0.6258587855653699,1,1
1598,architect,world heritage site,occupation,geographical_entity,1,True,1.0,1.0,1.0,-1.0,0.4674213924851056,0.5325786075148944,1,1
3371,city,travel agency,geographical_entity,organization,-1,True,1.0,1.0,-1.0,-1.0,0.5708457552035261,0.4291542447964739,-1,1
7103,mammal,spacecraft,species,man-made_object,-1,True,1.0,1.0,1.0,-1.0,0.4674213924851056,0.5325786075148944,1,0
4190,desert,formula one circuit,geographical_entity,man-made_object,1,True,1.0,1.0,-1.0,1.0,0.3741412144346301,0.6258587855653699,1,1
9425,researcher,airport,occupation,geographical_entity,1,True,1.0,1.0,1.0,1.0,0.2828651901918614,0.7171348098081386,1,1
9008,politician,island,occupation,geographical_entity,1,True,1.0,1.0,1.0,-1.0,0.4674213924851056,0.5325786075148944,1,1
9824,satellite,skyscraper,man-made_object,man-made_object,-1,False,1.0,1.0,1.0,-1.0,0.4674213924851056,0.5325786075148944,1,0
7535,nuclear power plant,smartphone,geographical_entity,man-made_object,-1,True,1.0,1.0,1.0,-1.0,0.4674213924851056,0.5325786075148944,1,0
5879,insect,NBA player,species,occupation,1,True,1.0,1.0,1.0,1.0,0.2828651901918614,0.7171348098081386,1,1
6329,journalist,animation studio,occupation,organization,1,True,1.0,1.0,1.0,1.0,0.2828651901918614,0.7171348098081386,1,1
10928,technological invention,satellite,creative_work,man-made_object,-1,True,-1.0,-1.0,-1.0,-1.0,0.6733108942104322,0.3266891057895678,-1,1
9035,politician,nurse,occupation,occupation,-1,False,1.0,1.0,-1.0,-1.0,0.5708457552035261,0.4291542447964739,-1,1
11339,university,oil tanker,organization,man-made_object,1,True,1.0,1.0,-1.0,1.0,0.3741412144346301,0.6258587855653699,1,1
3410,coal power plant,cryptocurrency exchange,organization,organization,1,False,1.0,1.0,-1.0,0.0,0.4713827077456686,0.5286172922543314,1,1
11636,volcano,university,geographical_entity,organization,-1,True,-1.0,-1.0,-1.0,-1.0,0.6733108942104322,0.3266891057895678,-1,1
3473,coal power plant,song,organization,creative_work,-1,True,-1.0,-1.0,1.0,-1.0,0.5762495871181209,0.4237504128818791,-1,1
5171,fungus,fish,species,species,1,False,1.0,1.0,1.0,-1.0,0.4674213924851056,0.5325786075148944,1,1
1601,architect,zoo,occupation,geographical_entity,1,True,1.0,1.0,1.0,0.0,0.3704244464631621,0.6295755535368379,1,1
8258,phytoplankton,fast food restaurant,species,organization,-1,True,0.0,0.0,-1.0,-1.0,0.6234576753337372,0.3765423246662628,-1,1
8459,plant,butterfly,species,species,1,False,1.0,1.0,1.0,1.0,0.2828651901918614,0.7171348098081386,1,1
4793,fish,industrial robot,species,man-made_object,-1,True,1.0,1.0,-1.0,-1.0,0.5708457552035261,0.4291542447964739,-1,1
7436,nuclear power plant,animation feature film,geographical_entity,creative_work,-1,True,-1.0,-1.0,1.0,-1.0,0.5762495871181209,0.4237504128818791,-1,1
6434,journalist,oil tanker,occupation,man-made_object,1,True,1.0,1.0,1.0,1.0,0.2828651901918614,0.7171348098081386,1,1
6425,journalist,nuclear power plant,occupation,geographical_entity,1,True,1.0,1.0,1.0,1.0,0.2828651901918614,0.7171348098081386,1,1
11657,website,formula one circuit,creative_work,man-made_object,1,True,1.0,1.0,1.0,1.0,0.2828651901918614,0.7171348098081386,1,1
2951,butterfly,lawyer,species,occupation,-1,True,-1.0,-1.0,-1.0,-1.0,0.6733108942104322,0.3266891057895678,-1,1
5888,insect,airline pilot,species,occupation,1,True,1.0,1.0,1.0,1.0,0.2828651901918614,0.7171348098081386,1,1
4676,film,video game,creative_work,creative_work,-1,False,1.0,1.0,-1.0,1.0,0.3741412144346301,0.6258587855653699,1,0
5987,insect,hospital,species,organization,1,True,1.0,1.0,1.0,-1.0,0.4674213924851056,0.5325786075148944,1,1
4844,fish,physicist,species,occupation,-1,True,-1.0,-1.0,1.0,-1.0,0.5762495871181209,0.4237504128818791,-1,1
10217,snake,helicopter,species,man-made_object,-1,True,1.0,1.0,-1.0,-1.0,0.5708457552035261,0.4291542447964739,-1,1
9029,politician,national park,occupation,geographical_entity,1,True,1.0,1.0,1.0,-1.0,0.4674213924851056,0.5325786075148944,1,1
4196,desert,highway,geographical_entity,geographical_entity,-1,False,1.0,1.0,-1.0,-1.0,0.5708457552035261,0.4291542447964739,-1,1
4187,desert,football club,geographical_entity,organization,-1,True,-1.0,-1.0,-1.0,-1.0,0.6733108942104322,0.3266891057895678,-1,1
7472,nuclear power plant,football club,geographical_entity,organization,-1,True,-1.0,-1.0,1.0,-1.0,0.5762495871181209,0.4237504128818791,-1,1
4802,fish,lake,species,geographical_entity,-1,True,-1.0,-1.0,1.0,-1.0,0.5762495871181209,0.4237504128818791,-1,1
2387,bee,video game,species,creative_work,-1,True,-1.0,-1.0,1.0,1.0,0.3793288567889701,0.6206711432110299,1,0
1250,animation feature film,industrial robot,creative_work,man-made_object,-1,True,1.0,1.0,-1.0,-1.0,0.5708457552035261,0.4291542447964739,-1,1
3404,coal power plant,conglomerate,organization,organization,-1,False,1.0,1.0,1.0,-1.0,0.4674213924851056,0.5325786075148944,1,0
4883,fish,scientific paper,species,creative_work,-1,True,-1.0,-1.0,1.0,-1.0,0.5762495871181209,0.4237504128818791,-1,1
8537,plant,national dance,species,creative_work,1,True,1.0,1.0,1.0,1.0,0.2828651901918614,0.7171348098081386,1,1
2525,bird,island,species,geographical_entity,1,True,-1.0,-1.0,1.0,1.0,0.3793288567889701,0.6206711432110299,1,1
3251,city,bank,geographical_entity,organization,-1,True,1.0,1.0,-1.0,-1.0,0.5708457552035261,0.4291542447964739,-1,1
659,airline pilot,scientific paper,occupation,creative_work,-1,True,-1.0,-1.0,1.0,-1.0,0.5762495871181209,0.4237504128818791,-1,1
188,NBA player,zoo,occupation,geographical_entity,-1,True,1.0,1.0,-1.0,0.0,0.4713827077456686,0.5286172922543314,1,0
8330,phytoplankton,play,species,creative_work,-1,True,-1.0,-1.0,1.0,1.0,0.3793288567889701,0.6206711432110299,1,0
7136,mammal,wind turbine,species,man-made_object,-1,True,1.0,1.0,-1.0,-1.0,0.5708457552035261,0.4291542447964739,-1,1
2888,butterfly,city,species,geographical_entity,-1,True,1.0,1.0,1.0,-1.0,0.4674213924851056,0.5325786075148944,1,0
1022,amphibian,police officer,species,occupation,-1,True,1.0,1.0,-1.0,-1.0,0.5708457552035261,0.4291542447964739,-1,1
4574,fast food restaurant,space station,organization,man-made_object,1,True,0.0,0.0,1.0,1.0,0.32930157175276564,0.6706984282472344,1,1
7661,nurse,mobile app,occupation,creative_work,1,True,1.0,1.0,1.0,-1.0,0.4674213924851056,0.5325786075148944,1,1
6431,journalist,observatory,occupation,man-made_object,1,True,1.0,1.0,1.0,1.0,0.2828651901918614,0.7171348098081386,1,1
6197,island,formula one circuit,geographical_entity,man-made_object,1,True,1.0,1.0,-1.0,1.0,0.3741412144346301,0.6258587855653699,1,1
9809,satellite,industrial robot,man-made_object,man-made_object,-1,False,1.0,1.0,-1.0,-1.0,0.5708457552035261,0.4291542447964739,-1,1
1340,animation studio,national dance,organization,creative_work,-1,True,1.0,1.0,1.0,0.0,0.3704244464631621,0.6295755535368379,1,0
3260,city,book,geographical_entity,creative_work,-1,True,-1.0,-1.0,1.0,-1.0,0.5762495871181209,0.4237504128818791,-1,1
11003,travel agency,religious text,organization,creative_work,1,True,-1.0,-1.0,1.0,1.0,0.3793288567889701,0.6206711432110299,1,1
4124,dentist,wind turbine,occupation,man-made_object,1,True,1.0,1.0,1.0,1.0,0.2828651901918614,0.7171348098081386,1,1
5810,hospital,observatory,organization,man-made_object,1,True,1.0,1.0,-1.0,1.0,0.3741412144346301,0.6258587855653699,1,1
9458,researcher,coal power plant,occupation,organization,1,True,1.0,1.0,1.0,1.0,0.2828651901918614,0.7171348098081386,1,1
8039,physicist,fast food restaurant,occupation,organization,1,True,0.0,0.0,-1.0,1.0,0.42664722781895514,0.5733527721810449,1,1
1541,architect,publisher,occupation,organization,1,True,1.0,1.0,1.0,0.0,0.3704244464631621,0.6295755535368379,1,1
4931,fish,wind turbine,species,man-made_object,-1,True,1.0,1.0,-1.0,-1.0,0.5708457552035261,0.4291542447964739,-1,1
9362,religious text,animation feature film,creative_work,creative_work,-1,False,-1.0,-1.0,1.0,1.0,0.3793288567889701,0.6206711432110299,1,0
10151,snake,bank,species,organization,-1,True,1.0,1.0,-1.0,-1.0,0.5708457552035261,0.4291542447964739,-1,1
5318,fungus,tree,species,species,1,False,1.0,1.0,1.0,-1.0,0.4674213924851056,0.5325786075148944,1,1
6059,insect,public library,species,organization,1,True,1.0,1.0,1.0,1.0,0.2828651901918614,0.7171348098081386,1,1
296,actor,merchant ship,occupation,man-made_object,1,True,1.0,1.0,1.0,-1.0,0.4674213924851056,0.5325786075148944,1,1
6416,journalist,mobile app,occupation,creative_work,-1,True,1.0,1.0,1.0,-1.0,0.4674213924851056,0.5325786075148944,1,0
4799,fish,journalist,species,occupation,-1,True,-1.0,-1.0,-1.0,1.0,0.4808603822516243,0.5191396177483757,1,0
1301,animation studio,board game,organization,creative_work,-1,True,-1.0,-1.0,1.0,-1.0,0.5762495871181209,0.4237504128818791,-1,1
6464,journalist,river,occupation,geographical_entity,1,True,-1.0,-1.0,-1.0,-1.0,0.6733108942104322,0.3266891057895678,-1,0
4610,film,formula one circuit,creative_work,man-made_object,1,True,1.0,1.0,-1.0,1.0,0.3741412144346301,0.6258587855653699,1,1
7520,nuclear power plant,publisher,geographical_entity,organization,-1,True,-1.0,-1.0,-1.0,-1.0,0.6733108942104322,0.3266891057895678,-1,1
2228,bee,coal power plant,species,organization,1,True,1.0,1.0,1.0,1.0,0.2828651901918614,0.7171348098081386,1,1
10211,snake,formula one circuit,species,man-made_object,1,True,1.0,1.0,1.0,1.0,0.2828651901918614,0.7171348098081386,1,1
2273,bee,industrial robot,species,man-made_object,-1,True,1.0,1.0,-1.0,-1.0,0.5708457552035261,0.4291542447964739,-1,1
1778,astronaut,spacecraft,occupation,man-made_object,-1,True,1.0,1.0,1.0,-1.0,0.4674213924851056,0.5325786075148944,1,0
1811,astronaut,zoo,occupation,geographical_entity,-1,True,-1.0,-1.0,1.0,-1.0,0.5762495871181209,0.4237504128818791,-1,1
5276,fungus,satellite,species,man-made_object,1,True,1.0,1.0,1.0,-1.0,0.4674213924851056,0.5325786075148944,1,1
1364,animation studio,religious text,organization,creative_work,1,True,-1.0,-1.0,-1.0,-1.0,0.6733108942104322,0.3266891057895678,-1,0
11435,video game,painting,creative_work,creative_work,1,False,-1.0,-1.0,-1.0,-1.0,0.6733108942104322,0.3266891057895678,-1,0
641,airline pilot,play,occupation,creative_work,1,True,-1.0,-1.0,1.0,1.0,0.3793288567889701,0.6206711432110299,1,1
2807,book,skyscraper,creative_work,man-made_object,1,True,1.0,1.0,-1.0,1.0,0.3741412144346301,0.6258587855653699,1,1
7829,painting,helicopter,creative_work,man-made_object,1,True,1.0,1.0,-1.0,-1.0,0.5708457552035261,0.4291542447964739,-1,0
3587,conglomerate,spacecraft,organization,man-made_object,-1,True,-1.0,-1.0,-1.0,-1.0,0.6733108942104322,0.3266891057895678,-1,1
2099,bank,helicopter,organization,man-made_object,-1,True,1.0,1.0,-1.0,-1.0,0.5708457552035261,0.4291542447964739,-1,1
7697,nurse,religious text,occupation,creative_work,1,True,-1.0,-1.0,1.0,1.0,0.3793288567889701,0.6206711432110299,1,1
7100,mammal,space station,species,man-made_object,1,True,1.0,1.0,1.0,1.0,0.2828651901918614,0.7171348098081386,1,1
7931,patent,scientific paper,creative_work,creative_work,-1,False,-1.0,-1.0,1.0,-1.0,0.5762495871181209,0.4237504128818791,-1,1
488,airline,skyscraper,organization,man-made_object,-1,True,1.0,1.0,-1.0,-1.0,0.5708457552035261,0.4291542447964739,-1,1
11960,zoo,scientific paper,geographical_entity,creative_work,-1,True,-1.0,-1.0,1.0,-1.0,0.5762495871181209,0.4237504128818791,-1,1
6296,island,volcano,geographical_entity,geographical_entity,-1,False,1.0,1.0,-1.0,1.0,0.3741412144346301,0.6258587855653699,1,0
3926,dam,tea company,geographical_entity,organization,1,True,1.0,1.0,1.0,1.0,0.2828651901918614,0.7171348098081386,1,1
7112,mammal,tea company,species,organization,1,True,1.0,1.0,1.0,1.0,0.2828651901918614,0.7171348098081386,1,1
5492,grass,play,species,creative_work,-1,True,1.0,1.0,1.0,1.0,0.2828651901918614,0.7171348098081386,1,0
7313,national park,coal power plant,geographical_entity,organization,1,True,1.0,1.0,-1.0,-1.0,0.5708457552035261,0.4291542447964739,-1,0
2018,bacteria,space station,species,man-made_object,1,True,1.0,1.0,1.0,1.0,0.2828651901918614,0.7171348098081386,1,1
5537,grass,spacecraft,species,man-made_object,1,True,1.0,1.0,1.0,1.0,0.2828651901918614,0.7171348098081386,1,1
4130,dentist,zoo,occupation,geographical_entity,1,True,1.0,1.0,1.0,1.0,0.2828651901918614,0.7171348098081386,1,1
4055,dentist,painting,occupation,creative_work,1,True,-1.0,-1.0,1.0,1.0,0.3793288567889701,0.6206711432110299,1,1
11780,world heritage site,mobile app,geographical_entity,creative_work,-1,True,-1.0,-1.0,1.0,-1.0,0.5762495871181209,0.4237504128818791,-1,1
8,NBA player,airport,occupation,geographical_entity,-1,True,-1.0,-1.0,1.0,-1.0,0.5762495871181209,0.4237504128818791,-1,1
3290,city,highway,geographical_entity,geographical_entity,1,False,1.0,1.0,1.0,-1.0,0.4674213924851056,0.5325786075148944,1,1
4742,fish,city,species,geographical_entity,-1,True,-1.0,-1.0,1.0,1.0,0.3793288567889701,0.6206711432110299,1,0
956,amphibian,helicopter,species,man-made_object,-1,True,1.0,1.0,-1.0,-1.0,0.5708457552035261,0.4291542447964739,-1,1
10850,tea company,patent,organization,creative_work,-1,True,-1.0,-1.0,1.0,-1.0,0.5762495871181209,0.4237504128818791,-1,1
9941,school teacher,national dance,occupation,creative_work,1,True,1.0,1.0,1.0,1.0,0.2828651901918614,0.7171348098081386,1,1
9620,researcher,zoo,occupation,geographical_entity,1,True,1.0,1.0,1.0,1.0,0.2828651901918614,0.7171348098081386,1,1
10226,snake,industrial robot,species,man-made_object,-1,True,1.0,1.0,-1.0,-1.0,0.5708457552035261,0.4291542447964739,-1,1
7265,national dance,skyscraper,creative_work,man-made_object,-1,True,-1.0,-1.0,-1.0,-1.0,0.6733108942104322,0.3266891057895678,-1,1
827,airport,song,geographical_entity,creative_work,-1,True,-1.0,-1.0,-1.0,-1.0,0.6733108942104322,0.3266891057895678,-1,1
2849,butterfly,airport,species,geographical_entity,-1,True,1.0,1.0,1.0,-1.0,0.4674213924851056,0.5325786075148944,1,0
5495,grass,police officer,species,occupation,-1,True,1.0,1.0,-1.0,-1.0,0.5708457552035261,0.4291542447964739,-1,1
3827,dam,conglomerate,geographical_entity,organization,1,True,1.0,1.0,1.0,-1.0,0.4674213924851056,0.5325786075148944,1,1
4268,desert,submarine,geographical_entity,man-made_object,-1,True,1.0,1.0,-1.0,-1.0,0.5708457552035261,0.4291542447964739,-1,1
6047,insect,plant,species,species,1,False,1.0,1.0,1.0,1.0,0.2828651901918614,0.7171348098081386,1,1
7163,mobile app,bicycle,creative_work,man-made_object,-1,True,1.0,1.0,-1.0,-1.0,0.5708457552035261,0.4291542447964739,-1,1
8630,plant,tree,species,species,1,False,1.0,1.0,1.0,0.0,0.3704244464631621,0.6295755535368379,1,1
10643,spider,national park,species,geographical_entity,1,True,1.0,1.0,1.0,1.0,0.2828651901918614,0.7171348098081386,1,1
6959,mammal,cooperative,species,organization,-1,True,1.0,1.0,-1.0,-1.0,0.5708457552035261,0.4291542447964739,-1,1
8240,phytoplankton,cooperative,species,organization,-1,True,-1.0,-1.0,-1.0,0.0,0.5801285571215558,0.41987144287844425,-1,1
9284,publisher,industrial robot,organization,man-made_object,-1,True,1.0,1.0,-1.0,-1.0,0.5708457552035261,0.4291542447964739,-1,1
11408,video game,bicycle,creative_work,man-made_object,-1,True,1.0,1.0,-1.0,-1.0,0.5708457552035261,0.4291542447964739,-1,1
1640,astronaut,castle,occupation,geographical_entity,-1,True,-1.0,-1.0,1.0,-1.0,0.5762495871181209,0.4237504128818791,-1,1
4934,fish,world heritage site,species,geographical_entity,1,True,1.0,1.0,1.0,1.0,0.2828651901918614,0.7171348098081386,1,1
10844,tea company,oil tanker,organization,man-made_object,-1,True,-1.0,-1.0,1.0,-1.0,0.5762495871181209,0.4237504128818791,-1,1
4541,fast food restaurant,oil tanker,organization,man-made_object,1,True,0.0,0.0,1.0,1.0,0.32930157175276564,0.6706984282472344,1,1
287,actor,journalist,occupation,occupation,1,False,1.0,1.0,-1.0,-1.0,0.5708457552035261,0.4291542447964739,-1,0
3326,city,percussion instrument,geographical_entity,man-made_object,1,True,1.0,1.0,1.0,1.0,0.2828651901918614,0.7171348098081386,1,1
2693,board game,national dance,creative_work,creative_work,1,False,1.0,1.0,1.0,1.0,0.2828651901918614,0.7171348098081386,1,1
4475,fashion designer,travel agency,occupation,organization,-1,True,1.0,1.0,-1.0,-1.0,0.5708457552035261,0.4291542447964739,-1,1
8006,physicist,book,occupation,creative_work,-1,True,-1.0,-1.0,1.0,-1.0,0.5762495871181209,0.4237504128818791,-1,1
2501,bird,football club,species,organization,1,True,-1.0,-1.0,1.0,1.0,0.3793288567889701,0.6206711432110299,1,1
6956,mammal,conglomerate,species,organization,1,True,1.0,1.0,1.0,-1.0,0.4674213924851056,0.5325786075148944,1,1
6998,mammal,hospital,species,organization,-1,True,-1.0,-1.0,1.0,-1.0,0.5762495871181209,0.4237504128818791,-1,1
7070,mammal,publisher,species,organization,-1,True,-1.0,-1.0,-1.0,-1.0,0.6733108942104322,0.3266891057895678,-1,1
11492,volcano,animation feature film,geographical_entity,creative_work,1,True,-1.0,-1.0,1.0,-1.0,0.5762495871181209,0.4237504128818791,-1,0
10697,spider,river,species,geographical_entity,-1,True,-1.0,-1.0,-1.0,-1.0,0.6733108942104322,0.3266891057895678,-1,1
5381,grass,board game,species,creative_work,-1,True,1.0,1.0,1.0,1.0,0.2828651901918614,0.7171348098081386,1,0
2240,bee,dam,species,geographical_entity,1,True,-1.0,-1.0,-1.0,1.0,0.4808603822516243,0.5191396177483757,1,1
8573,plant,police officer,species,occupation,-1,True,1.0,1.0,1.0,-1.0,0.4674213924851056,0.5325786075148944,1,0
1736,astronaut,play,occupation,creative_work,-1,True,-1.0,-1.0,1.0,-1.0,0.5762495871181209,0.4237504128818791,-1,1
10499,spacecraft,percussion instrument,man-made_object,man-made_object,1,False,-1.0,-1.0,-1.0,1.0,0.4808603822516243,0.5191396177483757,1,1
4481,fashion designer,video game,occupation,creative_work,-1,True,-1.0,-1.0,-1.0,-1.0,0.6733108942104322,0.3266891057895678,-1,1
9671,river,desert,geographical_entity,geographical_entity,1,False,1.0,1.0,1.0,1.0,0.2828651901918614,0.7171348098081386,1,1
6608,lake,national park,geographical_entity,geographical_entity,1,False,1.0,1.0,-1.0,1.0,0.3741412144346301,0.6258587855653699,1,1
1754,astronaut,river,occupation,geographical_entity,-1,True,-1.0,-1.0,-1.0,-1.0,0.6733108942104322,0.3266891057895678,-1,1
5861,hospital,tea company,organization,organization,1,False,1.0,1.0,-1.0,1.0,0.3741412144346301,0.6258587855653699,1,1
4736,fish,butterfly,species,species,1,False,-1.0,-1.0,1.0,1.0,0.3793288567889701,0.6206711432110299,1,1
1349,animation studio,painting,organization,creative_work,-1,True,-1.0,-1.0,-1.0,-1.0,0.6733108942104322,0.3266891057895678,-1,1
8297,phytoplankton,mobile app,species,creative_work,-1,True,-1.0,-1.0,1.0,-1.0,0.5762495871181209,0.4237504128818791,-1,1
6110,insect,travel agency,species,organization,1,True,1.0,1.0,1.0,1.0,0.2828651901918614,0.7171348098081386,1,1
329,actor,physicist,occupation,occupation,1,False,1.0,1.0,1.0,-1.0,0.4674213924851056,0.5325786075148944,1,1
2369,bee,spacecraft,species,man-made_object,1,True,1.0,1.0,1.0,1.0,0.2828651901918614,0.7171348098081386,1,1
5621,highway,book,geographical_entity,creative_work,-1,True,-1.0,-1.0,1.0,-1.0,0.5762495871181209,0.4237504128818791,-1,1
1316,animation studio,cryptocurrency exchange,organization,organization,-1,False,1.0,1.0,-1.0,-1.0,0.5708457552035261,0.4291542447964739,-1,1
6890,lawyer,zoo,occupation,geographical_entity,1,True,1.0,1.0,1.0,1.0,0.2828651901918614,0.7171348098081386,1,1
1553,architect,scientific paper,occupation,creative_work,-1,True,-1.0,-1.0,1.0,-1.0,0.5762495871181209,0.4237504128818791,-1,1
788,airport,observatory,geographical_entity,man-made_object,1,True,1.0,1.0,-1.0,1.0,0.3741412144346301,0.6258587855653699,1,1
10196,snake,fashion designer,species,occupation,-1,True,1.0,1.0,1.0,0.0,0.3704244464631621,0.6295755535368379,1,0
1262,animation feature film,percussion instrument,creative_work,man-made_object,1,True,1.0,1.0,1.0,1.0,0.2828651901918614,0.7171348098081386,1,1
869,amphibian,actor,species,occupation,-1,True,-1.0,-1.0,-1.0,-1.0,0.6733108942104322,0.3266891057895678,-1,1
7862,painting,satellite,creative_work,man-made_object,1,True,1.0,1.0,-1.0,1.0,0.3741412144346301,0.6258587855653699,1,1
11030,travel agency,technological invention,organization,creative_work,1,True,-1.0,-1.0,1.0,1.0,0.3793288567889701,0.6206711432110299,1,1
8048,physicist,formula one circuit,occupation,man-made_object,1,True,1.0,1.0,1.0,1.0,0.2828651901918614,0.7171348098081386,1,1
2558,bird,observatory,species,man-made_object,1,True,1.0,1.0,1.0,1.0,0.2828651901918614,0.7171348098081386,1,1
7955,patent,wind turbine,creative_work,man-made_object,1,True,1.0,1.0,-1.0,-1.0,0.5708457552035261,0.4291542447964739,-1,0
1772,astronaut,song,occupation,creative_work,-1,True,-1.0,-1.0,1.0,-1.0,0.5762495871181209,0.4237504128818791,-1,1
11096,tree,conglomerate,species,organization,1,True,1.0,1.0,1.0,1.0,0.2828651901918614,0.7171348098081386,1,1
155,NBA player,spacecraft,occupation,man-made_object,-1,True,1.0,1.0,1.0,-1.0,0.4674213924851056,0.5325786075148944,1,0
11573,volcano,nuclear power plant,geographical_entity,geographical_entity,1,False,1.0,1.0,1.0,1.0,0.2828651901918614,0.7171348098081386,1,1
1238,ancient civilization,zoo,geographical_entity,geographical_entity,-1,False,-1.0,-1.0,-1.0,0.0,0.5801285571215558,0.41987144287844425,-1,1
3632,cooperative,mobile app,organization,creative_work,-1,True,-1.0,-1.0,1.0,-1.0,0.5762495871181209,0.4237504128818791,-1,1
1439,architect,book,occupation,creative_work,-1,True,-1.0,-1.0,1.0,-1.0,0.5762495871181209,0.4237504128818791,-1,1
7880,painting,spacecraft,creative_work,man-made_object,1,True,1.0,1.0,1.0,1.0,0.2828651901918614,0.7171348098081386,1,1
10832,tea company,merchant ship,organization,man-made_object,-1,True,-1.0,-1.0,-1.0,-1.0,0.6733108942104322,0.3266891057895678,-1,1
4373,fashion designer,helicopter,occupation,man-made_object,1,True,1.0,1.0,-1.0,-1.0,0.5708457552035261,0.4291542447964739,-1,0
5939,insect,coal power plant,species,organization,1,True,1.0,1.0,1.0,1.0,0.2828651901918614,0.7171348098081386,1,1
5156,fungus,dentist,species,occupation,1,True,1.0,1.0,-1.0,-1.0,0.5708457552035261,0.4291542447964739,-1,0
3833,dam,cryptocurrency exchange,geographical_entity,organization,1,True,1.0,1.0,1.0,1.0,0.2828651901918614,0.7171348098081386,1,1
986,amphibian,national dance,species,creative_work,1,True,1.0,1.0,1.0,1.0,0.2828651901918614,0.7171348098081386,1,1
2141,bank,scientific paper,organization,creative_work,-1,True,-1.0,-1.0,1.0,-1.0,0.5762495871181209,0.4237504128818791,-1,1
104,NBA player,nurse,occupation,occupation,-1,False,-1.0,-1.0,-1.0,-1.0,0.6733108942104322,0.3266891057895678,-1,1
3734,cryptocurrency exchange,observatory,organization,man-made_object,-1,True,-1.0,-1.0,1.0,0.0,0.4768912734426505,0.5231087265573495,1,0
9338,publisher,spacecraft,organization,man-made_object,1,True,1.0,1.0,1.0,-1.0,0.4674213924851056,0.5325786075148944,1,1
8492,plant,fast food restaurant,species,organization,-1,True,0.0,0.0,1.0,-1.0,0.5220977118335559,0.47790228816644414,-1,1
4043,dentist,national park,occupation,geographical_entity,1,True,1.0,1.0,1.0,1.0,0.2828651901918614,0.7171348098081386,1,1
1847,bacteria,bank,species,organization,1,True,1.0,1.0,-1.0,1.0,0.3741412144346301,0.6258587855653699,1,1
2210,bee,bank,species,organization,-1,True,1.0,1.0,1.0,1.0,0.2828651901918614,0.7171348098081386,1,0
4808,fish,mammal,species,species,1,False,-1.0,-1.0,1.0,1.0,0.3793288567889701,0.6206711432110299,1,1
584,airline pilot,football club,occupation,organization,1,True,-1.0,-1.0,1.0,1.0,0.3793288567889701,0.6206711432110299,1,1
8423,plant,airport,species,geographical_entity,1,True,1.0,1.0,1.0,1.0,0.2828651901918614,0.7171348098081386,1,1
11870,zoo,animation feature film,geographical_entity,creative_work,1,True,-1.0,-1.0,1.0,1.0,0.3793288567889701,0.6206711432110299,1,1
2321,bee,physicist,species,occupation,-1,True,-1.0,-1.0,1.0,-1.0,0.5762495871181209,0.4237504128818791,-1,1
1622,astronaut,animation studio,occupation,organization,1,True,1.0,1.0,1.0,-1.0,0.4674213924851056,0.5325786075148944,1,1
11726,world heritage site,animation feature film,geographical_entity,creative_work,-1,True,-1.0,-1.0,1.0,1.0,0.3793288567889701,0.6206711432110299,1,0
6497,journalist,technological invention,occupation,creative_work,1,True,1.0,1.0,1.0,1.0,0.2828651901918614,0.7171348098081386,1,1
8849,police officer,publisher,occupation,organization,1,True,-1.0,-1.0,-1.0,1.0,0.4808603822516243,0.5191396177483757,1,1
5450,grass,lawyer,species,occupation,-1,True,-1.0,-1.0,-1.0,-1.0,0.6733108942104322,0.3266891057895678,-1,1
9977,school teacher,publisher,occupation,organization,1,True,-1.0,-1.0,1.0,1.0,0.3793288567889701,0.6206711432110299,1,1
8507,plant,helicopter,species,man-made_object,1,True,1.0,1.0,1.0,-1.0,0.4674213924851056,0.5325786075148944,1,1
9599,researcher,travel agency,occupation,organization,1,True,1.0,1.0,1.0,1.0,0.2828651901918614,0.7171348098081386,1,1
11054,tree,airport,species,geographical_entity,1,True,-1.0,-1.0,1.0,1.0,0.3793288567889701,0.6206711432110299,1,1
6668,lake,technological invention,geographical_entity,creative_work,1,True,1.0,1.0,1.0,1.0,0.2828651901918614,0.7171348098081386,1,1
11972,zoo,space station,geographical_entity,man-made_object,1,True,1.0,1.0,1.0,1.0,0.2828651901918614,0.7171348098081386,1,1
11654,website,bicycle,creative_work,man-made_object,1,True,1.0,1.0,1.0,1.0,0.2828651901918614,0.7171348098081386,1,1
1583,architect,university,occupation,organization,1,True,1.0,1.0,1.0,-1.0,0.4674213924851056,0.5325786075148944,1,1
263,actor,film,occupation,creative_work,1,True,1.0,1.0,1.0,-1.0,0.4674213924851056,0.5325786075148944,1,1
9782,river,video game,geographical_entity,creative_work,-1,True,1.0,1.0,1.0,1.0,0.2828651901918614,0.7171348098081386,1,0
8795,police officer,highway,occupation,geographical_entity,1,True,1.0,1.0,1.0,1.0,0.2828651901918614,0.7171348098081386,1,1
3755,cryptocurrency exchange,satellite,organization,man-made_object,-1,True,-1.0,-1.0,-1.0,-1.0,0.6733108942104322,0.3266891057895678,-1,1
9446,researcher,board game,occupation,creative_work,1,True,1.0,1.0,1.0,1.0,0.2828651901918614,0.7171348098081386,1,1
1244,animation feature film,formula one circuit,creative_work,man-made_object,1,True,1.0,1.0,-1.0,1.0,0.3741412144346301,0.6258587855653699,1,1
11897,zoo,cryptocurrency exchange,geographical_entity,organization,1,True,1.0,1.0,-1.0,1.0,0.3741412144346301,0.6258587855653699,1,1
8852,police officer,religious text,occupation,creative_work,1,True,-1.0,-1.0,1.0,1.0,0.3793288567889701,0.6206711432110299,1,1
5948,insect,cryptocurrency exchange,species,organization,1,True,1.0,1.0,1.0,1.0,0.2828651901918614,0.7171348098081386,1,1
7844,painting,observatory,creative_work,man-made_object,1,True,1.0,1.0,-1.0,1.0,0.3741412144346301,0.6258587855653699,1,1
11849,world heritage site,travel agency,geographical_entity,organization,-1,True,-1.0,-1.0,-1.0,-1.0,0.6733108942104322,0.3266891057895678,-1,1
2783,book,oil tanker,creative_work,man-made_object,1,True,1.0,1.0,-1.0,1.0,0.3741412144346301,0.6258587855653699,1,1
1961,bacteria,patent,species,creative_work,1,True,1.0,1.0,-1.0,-1.0,0.5708457552035261,0.4291542447964739,-1,0
2678,board game,formula one circuit,creative_work,man-made_object,1,True,1.0,1.0,-1.0,1.0,0.3741412144346301,0.6258587855653699,1,1
3770,cryptocurrency exchange,space station,organization,man-made_object,1,True,1.0,1.0,1.0,1.0,0.2828651901918614,0.7171348098081386,1,1
2885,butterfly,castle,species,geographical_entity,-1,True,1.0,1.0,1.0,1.0,0.2828651901918614,0.7171348098081386,1,0
8735,police officer,animation feature film,occupation,creative_work,1,True,-1.0,-1.0,1.0,1.0,0.3793288567889701,0.6206711432110299,1,1
10466,space station,percussion instrument,man-made_object,man-made_object,-1,False,-1.0,-1.0,-1.0,-1.0,0.6733108942104322,0.3266891057895678,-1,1
11831,world heritage site,song,geographical_entity,creative_work,-1,True,-1.0,-1.0,1.0,-1.0,0.5762495871181209,0.4237504128818791,-1,1
5534,grass,space station,species,man-made_object,1,True,1.0,1.0,1.0,1.0,0.2828651901918614,0.7171348098081386,1,1
3920,dam,spacecraft,geographical_entity,man-made_object,1,True,1.0,1.0,1.0,-1.0,0.4674213924851056,0.5325786075148944,1,1
8792,police officer,helicopter,occupation,man-made_object,1,True,1.0,1.0,1.0,0.0,0.3704244464631621,0.6295755535368379,1,1
9530,researcher,nurse,occupation,occupation,-1,False,1.0,1.0,-1.0,-1.0,0.5708457552035261,0.4291542447964739,-1,1
9332,publisher,song,organization,creative_work,-1,True,-1.0,-1.0,1.0,-1.0,0.5762495871181209,0.4237504128818791,-1,1
11909,zoo,formula one circuit,geographical_entity,man-made_object,1,True,1.0,1.0,1.0,1.0,0.2828651901918614,0.7171348098081386,1,1
6404,journalist,island,occupation,geographical_entity,1,True,1.0,1.0,1.0,-1.0,0.4674213924851056,0.5325786075148944,1,1
10775,submarine,observatory,man-made_object,man-made_object,-1,False,1.0,1.0,1.0,-1.0,0.4674213924851056,0.5325786075148944,1,0
2615,bird,skyscraper,species,man-made_object,1,True,1.0,1.0,1.0,0.0,0.3704244464631621,0.6295755535368379,1,1
1955,bacteria,oil tanker,species,man-made_object,1,True,1.0,1.0,-1.0,1.0,0.3741412144346301,0.6258587855653699,1,1
3668,cooperative,smartphone,organization,man-made_object,-1,True,1.0,1.0,1.0,-1.0,0.4674213924851056,0.5325786075148944,1,0
8969,politician,cryptocurrency exchange,occupation,organization,1,True,1.0,1.0,1.0,-1.0,0.4674213924851056,0.5325786075148944,1,1
10865,tea company,satellite,organization,man-made_object,-1,True,-1.0,-1.0,1.0,-1.0,0.5762495871181209,0.4237504128818791,-1,1
1958,bacteria,painting,species,creative_work,1,True,-1.0,-1.0,-1.0,-1.0,0.6733108942104322,0.3266891057895678,-1,0
4685,fish,NBA player,species,occupation,1,True,-1.0,-1.0,1.0,1.0,0.3793288567889701,0.6206711432110299,1,1
6803,lawyer,observatory,occupation,man-made_object,1,True,1.0,1.0,1.0,1.0,0.2828651901918614,0.7171348098081386,1,1
6662,lake,submarine,geographical_entity,man-made_object,1,True,1.0,1.0,1.0,1.0,0.2828651901918614,0.7171348098081386,1,1
11639,volcano,video game,geographical_entity,creative_work,-1,True,-1.0,-1.0,1.0,-1.0,0.5762495871181209,0.4237504128818791,-1,1
9410,religious text,website,creative_work,creative_work,-1,False,-1.0,-1.0,-1.0,-1.0,0.6733108942104322,0.3266891057895678,-1,1
8663,play,helicopter,creative_work,man-made_object,-1,True,1.0,1.0,-1.0,-1.0,0.5708457552035261,0.4291542447964739,-1,1
5087,fungus,airline,species,organization,1,True,1.0,1.0,1.0,-1.0,0.4674213924851056,0.5325786075148944,1,1
10658,spider,painting,species,creative_work,-1,True,-1.0,-1.0,1.0,-1.0,0.5762495871181209,0.4237504128818791,-1,1
1922,bacteria,island,species,geographical_entity,1,True,-1.0,-1.0,1.0,1.0,0.3793288567889701,0.6206711432110299,1,1
2606,bird,satellite,species,man-made_object,1,True,1.0,1.0,-1.0,1.0,0.3741412144346301,0.6258587855653699,1,1
4271,desert,tea company,geographical_entity,organization,-1,True,1.0,1.0,-1.0,-1.0,0.5708457552035261,0.4291542447964739,-1,1
3941,dam,website,geographical_entity,creative_work,-1,True,1.0,1.0,-1.0,-1.0,0.5708457552035261,0.4291542447964739,-1,1
977,amphibian,lawyer,species,occupation,-1,True,-1.0,-1.0,-1.0,-1.0,0.6733108942104322,0.3266891057895678,-1,1
8732,police officer,ancient civilization,occupation,geographical_entity,1,True,1.0,1.0,1.0,1.0,0.2828651901918614,0.7171348098081386,1,1
1478,architect,formula one circuit,occupation,man-made_object,1,True,1.0,1.0,1.0,1.0,0.2828651901918614,0.7171348098081386,1,1
3422,coal power plant,helicopter,organization,man-made_object,-1,True,1.0,1.0,-1.0,-1.0,0.5708457552035261,0.4291542447964739,-1,1
11198,tree,politician,species,occupation,-1,True,-1.0,-1.0,-1.0,1.0,0.4808603822516243,0.5191396177483757,1,0
9257,publisher,coal power plant,organization,organization,1,False,1.0,1.0,1.0,1.0,0.2828651901918614,0.7171348098081386,1,1
2189,bee,airline pilot,species,occupation,-1,True,-1.0,-1.0,-1.0,1.0,0.4808603822516243,0.5191396177483757,1,0
10169,snake,castle,species,geographical_entity,-1,True,-1.0,-1.0,1.0,1.0,0.3793288567889701,0.6206711432110299,1,0
227,actor,book,occupation,creative_work,-1,True,1.0,1.0,1.0,-1.0,0.4674213924851056,0.5325786075148944,1,0
8873,police officer,space station,occupation,man-made_object,1,True,1.0,1.0,1.0,1.0,0.2828651901918614,0.7171348098081386,1,1
9641,river,bicycle,geographical_entity,man-made_object,-1,True,1.0,1.0,-1.0,-1.0,0.5708457552035261,0.4291542447964739,-1,1
11159,tree,national dance,species,creative_work,1,True,1.0,1.0,1.0,1.0,0.2828651901918614,0.7171348098081386,1,1
8864,police officer,skyscraper,occupation,man-made_object,1,True,1.0,1.0,1.0,1.0,0.2828651901918614,0.7171348098081386,1,1
2183,bee,actor,species,occupation,-1,True,-1.0,-1.0,1.0,1.0,0.3793288567889701,0.6206711432110299,1,0
2012,bacteria,smartphone,species,man-made_object,-1,True,1.0,1.0,1.0,-1.0,0.4674213924851056,0.5325786075148944,1,0
3188,castle,satellite,geographical_entity,man-made_object,1,True,1.0,1.0,-1.0,-1.0,0.5708457552035261,0.4291542447964739,-1,0
9290,publisher,mobile app,organization,creative_work,-1,True,1.0,1.0,1.0,-1.0,0.4674213924851056,0.5325786075148944,1,0
6014,insect,national dance,species,creative_work,1,True,1.0,1.0,1.0,1.0,0.2828651901918614,0.7171348098081386,1,1
1988,bacteria,publisher,species,organization,1,True,1.0,1.0,-1.0,1.0,0.3741412144346301,0.6258587855653699,1,1
590,airline pilot,helicopter,occupation,man-made_object,1,True,1.0,1.0,1.0,-1.0,0.4674213924851056,0.5325786075148944,1,1
2915,butterfly,fast food restaurant,species,organization,-1,True,0.0,0.0,-1.0,-1.0,0.6234576753337372,0.3765423246662628,-1,1
2939,butterfly,industrial robot,species,man-made_object,-1,True,1.0,1.0,-1.0,-1.0,0.5708457552035261,0.4291542447964739,-1,1
7565,nuclear power plant,website,geographical_entity,creative_work,-1,True,-1.0,-1.0,-1.0,-1.0,0.6733108942104322,0.3266891057895678,-1,1
6665,lake,tea company,geographical_entity,organization,1,True,1.0,1.0,-1.0,1.0,0.3741412144346301,0.6258587855653699,1,1
11714,wind turbine,skyscraper,man-made_object,man-made_object,1,False,-1.0,-1.0,1.0,1.0,0.3793288567889701,0.6206711432110299,1,1
6320,journalist,airport,occupation,geographical_entity,1,True,1.0,1.0,1.0,-1.0,0.4674213924851056,0.5325786075148944,1,1
4625,film,national dance,creative_work,creative_work,1,False,1.0,1.0,-1.0,1.0,0.3741412144346301,0.6258587855653699,1,1
4580,fast food restaurant,submarine,organization,man-made_object,1,True,0.0,0.0,1.0,1.0,0.32930157175276564,0.6706984282472344,1,1
5876,hospital,wind turbine,organization,man-made_object,-1,True,1.0,1.0,-1.0,-1.0,0.5708457552035261,0.4291542447964739,-1,1
11615,volcano,song,geographical_entity,creative_work,-1,True,-1.0,-1.0,1.0,-1.0,0.5762495871181209,0.4237504128818791,-1,1
10739,spider,university,species,organization,1,True,1.0,1.0,1.0,1.0,0.2828651901918614,0.7171348098081386,1,1
11987,zoo,travel agency,geographical_entity,organization,-1,True,1.0,1.0,-1.0,-1.0,0.5708457552035261,0.4291542447964739,-1,1
9923,school teacher,hospital,occupation,organization,1,True,-1.0,-1.0,1.0,0.0,0.4768912734426505,0.5231087265573495,1,1
11219,tree,school teacher,species,occupation,-1,True,-1.0,-1.0,-1.0,-1.0,0.6733108942104322,0.3266891057895678,-1,1
1259,animation feature film,oil tanker,creative_work,man-made_object,-1,True,1.0,1.0,-1.0,0.0,0.4713827077456686,0.5286172922543314,1,0
4487,fashion designer,website,occupation,creative_work,-1,True,-1.0,-1.0,-1.0,-1.0,0.6733108942104322,0.3266891057895678,-1,1
7196,mobile app,religious text,creative_work,creative_work,1,False,-1.0,-1.0,-1.0,1.0,0.4808603822516243,0.5191396177483757,1,1
7928,patent,satellite,creative_work,man-made_object,1,True,-1.0,-1.0,1.0,1.0,0.3793288567889701,0.6206711432110299,1,1
9392,religious text,skyscraper,creative_work,man-made_object,-1,True,1.0,1.0,-1.0,-1.0,0.5708457552035261,0.4291542447964739,-1,1
803,airport,play,geographical_entity,creative_work,1,True,1.0,1.0,-1.0,1.0,0.3741412144346301,0.6258587855653699,1,1
1535,architect,police officer,occupation,occupation,-1,False,1.0,1.0,1.0,-1.0,0.4674213924851056,0.5325786075148944,1,0
1082,amphibian,university,species,organization,-1,True,-1.0,-1.0,1.0,-1.0,0.5762495871181209,0.4237504128818791,-1,1
2819,book,spacecraft,creative_work,man-made_object,1,True,1.0,1.0,1.0,1.0,0.2828651901918614,0.7171348098081386,1,1
7649,nurse,industrial robot,occupation,man-made_object,1,True,1.0,1.0,1.0,0.0,0.3704244464631621,0.6295755535368379,1,1
560,airline pilot,conglomerate,occupation,organization,1,True,1.0,1.0,1.0,1.0,0.2828651901918614,0.7171348098081386,1,1
8432,plant,animation feature film,species,creative_work,1,True,1.0,1.0,1.0,1.0,0.2828651901918614,0.7171348098081386,1,1
9020,politician,merchant ship,occupation,man-made_object,1,True,1.0,1.0,1.0,-1.0,0.4674213924851056,0.5325786075148944,1,1
11480,video game,wind turbine,creative_work,man-made_object,1,True,1.0,1.0,-1.0,-1.0,0.5708457552035261,0.4291542447964739,-1,0
3425,coal power plant,industrial robot,organization,man-made_object,-1,True,1.0,1.0,-1.0,-1.0,0.5708457552035261,0.4291542447964739,-1,1
2576,bird,phytoplankton,species,species,1,False,1.0,1.0,-1.0,0.0,0.4713827077456686,0.5286172922543314,1,1
8309,phytoplankton,nurse,species,occupation,-1,True,-1.0,-1.0,-1.0,-1.0,0.6733108942104322,0.3266891057895678,-1,1
4328,fashion designer,board game,occupation,creative_work,1,True,1.0,1.0,-1.0,0.0,0.4713827077456686,0.5286172922543314,1,1
5867,hospital,travel agency,organization,organization,-1,False,1.0,1.0,-1.0,1.0,0.3741412144346301,0.6258587855653699,1,0
92,NBA player,mobile app,occupation,creative_work,-1,True,1.0,1.0,1.0,-1.0,0.4674213924851056,0.5325786075148944,1,0
2651,bird,university,species,organization,-1,True,1.0,1.0,1.0,1.0,0.2828651901918614,0.7171348098081386,1,0
3515,conglomerate,cooperative,organization,organization,-1,False,-1.0,-1.0,-1.0,-1.0,0.6733108942104322,0.3266891057895678,-1,1
10256,snake,national park,species,geographical_entity,1,True,1.0,1.0,1.0,1.0,0.2828651901918614,0.7171348098081386,1,1
11519,volcano,conglomerate,geographical_entity,organization,1,True,1.0,1.0,1.0,-1.0,0.4674213924851056,0.5325786075148944,1,1
7256,national dance,percussion instrument,creative_work,man-made_object,-1,True,-1.0,-1.0,-1.0,1.0,0.4808603822516243,0.5191396177483757,1,0
6074,insect,satellite,species,man-made_object,1,True,1.0,1.0,1.0,1.0,0.2828651901918614,0.7171348098081386,1,1
1544,architect,religious text,occupation,creative_work,1,True,1.0,1.0,1.0,0.0,0.3704244464631621,0.6295755535368379,1,1
1994,bacteria,researcher,species,occupation,1,True,-1.0,-1.0,-1.0,-1.0,0.6733108942104322,0.3266891057895678,-1,0
563,airline pilot,cooperative,occupation,organization,-1,True,1.0,1.0,1.0,0.0,0.3704244464631621,0.6295755535368379,1,0
1133,ancient civilization,cryptocurrency exchange,geographical_entity,organization,-1,True,-1.0,-1.0,-1.0,1.0,0.4808603822516243,0.5191396177483757,1,0
2063,bank,animation feature film,organization,creative_work,1,True,-1.0,-1.0,1.0,1.0,0.3793288567889701,0.6206711432110299,1,1
6635,lake,publisher,geographical_entity,organization,1,True,1.0,1.0,-1.0,1.0,0.3741412144346301,0.6258587855653699,1,1
2630,bird,spacecraft,species,man-made_object,1,True,1.0,1.0,1.0,0.0,0.3704244464631621,0.6295755535368379,1,1
6218,island,mobile app,geographical_entity,creative_work,-1,True,1.0,1.0,1.0,-1.0,0.4674213924851056,0.5325786075148944,1,0
6884,lawyer,wind turbine,occupation,man-made_object,1,True,1.0,1.0,1.0,-1.0,0.4674213924851056,0.5325786075148944,1,1
5624,highway,coal power plant,geographical_entity,organization,-1,True,-1.0,-1.0,-1.0,1.0,0.4808603822516243,0.5191396177483757,1,0
1334,animation studio,merchant ship,organization,man-made_object,-1,True,-1.0,-1.0,-1.0,-1.0,0.6733108942104322,0.3266891057895678,-1,1
8609,plant,song,species,creative_work,-1,True,-1.0,-1.0,1.0,-1.0,0.5762495871181209,0.4237504128818791,-1,1
6854,lawyer,space station,occupation,man-made_object,1,True,1.0,1.0,1.0,1.0,0.2828651901918614,0.7171348098081386,1,1
8717,play,wind turbine,creative_work,man-made_object,-1,True,1.0,1.0,-1.0,-1.0,0.5708457552035261,0.4291542447964739,-1,1
4244,desert,religious text,geographical_entity,creative_work,1,True,-1.0,-1.0,-1.0,-1.0,0.6733108942104322,0.3266891057895678,-1,0
9797,river,zoo,geographical_entity,geographical_entity,1,False,1.0,1.0,1.0,1.0,0.2828651901918614,0.7171348098081386,1,1
5561,grass,volcano,species,geographical_entity,-1,True,1.0,1.0,1.0,1.0,0.2828651901918614,0.7171348098081386,1,0
9176,public library,observatory,organization,man-made_object,1,True,1.0,1.0,-1.0,1.0,0.3741412144346301,0.6258587855653699,1,1
11087,tree,castle,species,geographical_entity,-1,True,-1.0,-1.0,1.0,1.0,0.3793288567889701,0.6206711432110299,1,0
1538,architect,public library,occupation,organization,1,True,1.0,1.0,1.0,-1.0,0.4674213924851056,0.5325786075148944,1,1
1688,astronaut,hospital,occupation,organization,-1,True,-1.0,-1.0,1.0,-1.0,0.5762495871181209,0.4237504128818791,-1,1
11444,video game,play,creative_work,creative_work,1,False,1.0,1.0,-1.0,-1.0,0.5708457552035261,0.4291542447964739,-1,0
9539,researcher,painting,occupation,creative_work,1,True,1.0,1.0,1.0,1.0,0.2828651901918614,0.7171348098081386,1,1
3830,dam,cooperative,geographical_entity,organization,-1,True,1.0,1.0,1.0,-1.0,0.4674213924851056,0.5325786075148944,1,0
365,actor,smartphone,occupation,man-made_object,-1,True,1.0,1.0,1.0,-1.0,0.4674213924851056,0.5325786075148944,1,0
3152,castle,national dance,geographical_entity,creative_work,1,True,1.0,1.0,1.0,1.0,0.2828651901918614,0.7171348098081386,1,1
395,actor,volcano,occupation,geographical_entity,1,True,1.0,1.0,1.0,1.0,0.2828651901918614,0.7171348098081386,1,1
10304,snake,religious text,species,creative_work,1,True,-1.0,-1.0,1.0,-1.0,0.5762495871181209,0.4237504128818791,-1,0
9125,politician,wind turbine,occupation,man-made_object,1,True,1.0,1.0,1.0,-1.0,0.4674213924851056,0.5325786075148944,1,1
8441,plant,astronaut,species,occupation,1,True,1.0,1.0,1.0,1.0,0.2828651901918614,0.7171348098081386,1,1
347,actor,researcher,occupation,occupation,-1,False,-1.0,-1.0,-1.0,-1.0,0.6733108942104322,0.3266891057895678,-1,1
4571,fast food restaurant,song,organization,creative_work,-1,True,0.0,0.0,1.0,-1.0,0.5220977118335559,0.47790228816644414,-1,1
6620,lake,painting,geographical_entity,creative_work,1,True,-1.0,-1.0,1.0,-1.0,0.5762495871181209,0.4237504128818791,-1,0
374,actor,spacecraft,occupation,man-made_object,1,True,1.0,1.0,1.0,-1.0,0.4674213924851056,0.5325786075148944,1,1
1247,animation feature film,helicopter,creative_work,man-made_object,-1,True,1.0,1.0,-1.0,-1.0,0.5708457552035261,0.4291542447964739,-1,1
1595,architect,wind turbine,occupation,man-made_object,1,True,1.0,1.0,1.0,-1.0,0.4674213924851056,0.5325786075148944,1,1
11318,university,helicopter,organization,man-made_object,-1,True,1.0,1.0,-1.0,-1.0,0.5708457552035261,0.4291542447964739,-1,1
212,actor,architect,occupation,occupation,1,False,1.0,1.0,-1.0,0.0,0.4713827077456686,0.5286172922543314,1,1
8021,physicist,cooperative,occupation,organization,-1,True,1.0,1.0,-1.0,1.0,0.3741412144346301,0.6258587855653699,1,0
8477,plant,cryptocurrency exchange,species,organization,1,True,1.0,1.0,1.0,1.0,0.2828651901918614,0.7171348098081386,1,1
2954,butterfly,merchant ship,species,man-made_object,-1,True,1.0,1.0,1.0,-1.0,0.4674213924851056,0.5325786075148944,1,0
8951,politician,book,occupation,creative_work,-1,True,1.0,1.0,1.0,-1.0,0.4674213924851056,0.5325786075148944,1,0
11288,university,board game,organization,creative_work,-1,True,1.0,1.0,1.0,1.0,0.2828651901918614,0.7171348098081386,1,0
3308,city,national park,geographical_entity,geographical_entity,1,False,1.0,1.0,1.0,1.0,0.2828651901918614,0.7171348098081386,1,1
3440,coal power plant,oil tanker,organization,man-made_object,-1,True,1.0,1.0,1.0,0.0,0.3704244464631621,0.6295755535368379,1,0
8843,police officer,play,occupation,creative_work,1,True,-1.0,-1.0,1.0,1.0,0.3793288567889701,0.6206711432110299,1,1
4139,desert,ancient civilization,geographical_entity,geographical_entity,1,False,1.0,1.0,-1.0,-1.0,0.5708457552035261,0.4291542447964739,-1,0
10040,scientific paper,animation feature film,creative_work,creative_work,1,False,1.0,1.0,-1.0,1.0,0.3741412144346301,0.6258587855653699,1,1
2894,butterfly,conglomerate,species,organization,1,True,1.0,1.0,1.0,-1.0,0.4674213924851056,0.5325786075148944,1,1
5963,insect,fast food restaurant,species,organization,1,True,0.0,0.0,1.0,1.0,0.32930157175276564,0.6706984282472344,1,1
1502,architect,mobile app,occupation,creative_work,-1,True,1.0,1.0,1.0,-1.0,0.4674213924851056,0.5325786075148944,1,0
7211,mobile app,song,creative_work,creative_work,-1,False,-1.0,-1.0,-1.0,1.0,0.4808603822516243,0.5191396177483757,1,0
5900,insect,animation feature film,species,creative_work,1,True,1.0,1.0,1.0,1.0,0.2828651901918614,0.7171348098081386,1,1
11888,zoo,coal power plant,geographical_entity,organization,1,True,1.0,1.0,-1.0,1.0,0.3741412144346301,0.6258587855653699,1,1
1916,bacteria,hospital,species,organization,1,True,-1.0,-1.0,1.0,-1.0,0.5762495871181209,0.4237504128818791,-1,0
9452,researcher,castle,occupation,geographical_entity,1,True,1.0,1.0,1.0,1.0,0.2828651901918614,0.7171348098081386,1,1
6479,journalist,smartphone,occupation,man-made_object,-1,True,1.0,1.0,1.0,-1.0,0.4674213924851056,0.5325786075148944,1,0
6962,mammal,cryptocurrency exchange,species,organization,1,True,1.0,1.0,1.0,1.0,0.2828651901918614,0.7171348098081386,1,1
4739,fish,castle,species,geographical_entity,-1,True,-1.0,-1.0,1.0,1.0,0.3793288567889701,0.6206711432110299,1,0
3845,dam,formula one circuit,geographical_entity,man-made_object,1,True,1.0,1.0,1.0,1.0,0.2828651901918614,0.7171348098081386,1,1
4628,film,observatory,creative_work,man-made_object,1,True,1.0,1.0,-1.0,1.0,0.3741412144346301,0.6258587855653699,1,1
9002,politician,hospital,occupation,organization,1,True,1.0,1.0,1.0,-1.0,0.4674213924851056,0.5325786075148944,1,1
11564,volcano,mobile app,geographical_entity,creative_work,-1,True,1.0,1.0,1.0,-1.0,0.4674213924851056,0.5325786075148944,1,0
4343,fashion designer,conglomerate,occupation,organization,1,True,1.0,1.0,-1.0,-1.0,0.5708457552035261,0.4291542447964739,-1,0
6173,island,conglomerate,geographical_entity,organization,1,True,1.0,1.0,0.0,1.0,0.32686636944471104,0.673133630555289,1,1
11765,world heritage site,formula one circuit,geographical_entity,man-made_object,1,True,-1.0,-1.0,1.0,1.0,0.3793288567889701,0.6206711432110299,1,1
9443,researcher,bicycle,occupation,man-made_object,-1,True,1.0,1.0,-1.0,-1.0,0.5708457552035261,0.4291542447964739,-1,1
10142,snake,architect,species,occupation,-1,True,-1.0,-1.0,-1.0,-1.0,0.6733108942104322,0.3266891057895678,-1,1
10751,spider,wind turbine,species,man-made_object,-1,True,1.0,1.0,-1.0,-1.0,0.5708457552035261,0.4291542447964739,-1,1
6566,lake,cryptocurrency exchange,geographical_entity,organization,1,True,1.0,1.0,-1.0,1.0,0.3741412144346301,0.6258587855653699,1,1
2522,bird,insect,species,species,-1,False,-1.0,-1.0,-1.0,-1.0,0.6733108942104322,0.3266891057895678,-1,1
1424,architect,animation feature film,occupation,creative_work,1,True,1.0,1.0,1.0,1.0,0.2828651901918614,0.7171348098081386,1,1
5303,fungus,spider,species,species,1,False,1.0,1.0,1.0,-1.0,0.4674213924851056,0.5325786075148944,1,1
11762,world heritage site,football club,geographical_entity,organization,-1,True,-1.0,-1.0,1.0,1.0,0.3793288567889701,0.6206711432110299,1,0
545,airline pilot,board game,occupation,creative_work,1,True,1.0,1.0,1.0,1.0,0.2828651901918614,0.7171348098081386,1,1
11648,volcano,world heritage site,geographical_entity,geographical_entity,1,False,1.0,1.0,-1.0,-1.0,0.5708457552035261,0.4291542447964739,-1,0
7559,nuclear power plant,university,geographical_entity,organization,-1,True,-1.0,-1.0,-1.0,-1.0,0.6733108942104322,0.3266891057895678,-1,1
602,airline pilot,island,occupation,geographical_entity,1,True,-1.0,-1.0,1.0,1.0,0.3793288567889701,0.6206711432110299,1,1
5612,highway,bank,geographical_entity,organization,-1,True,-1.0,-1.0,-1.0,1.0,0.4808603822516243,0.5191396177483757,1,0
2156,bank,spacecraft,organization,man-made_object,1,True,1.0,1.0,1.0,-1.0,0.4674213924851056,0.5325786075148944,1,1
11192,tree,play,species,creative_work,1,True,-1.0,-1.0,1.0,1.0,0.3793288567889701,0.6206711432110299,1,1
8354,phytoplankton,satellite,species,man-made_object,1,True,-1.0,-1.0,1.0,1.0,0.3793288567889701,0.6206711432110299,1,1
1709,astronaut,national dance,occupation,creative_work,1,True,1.0,1.0,1.0,-1.0,0.4674213924851056,0.5325786075148944,1,1
6494,journalist,tea company,occupation,organization,1,True,1.0,1.0,1.0,1.0,0.2828651901918614,0.7171348098081386,1,1
4619,film,merchant ship,creative_work,man-made_object,1,True,1.0,1.0,-1.0,-1.0,0.5708457552035261,0.4291542447964739,-1,0
1694,astronaut,island,occupation,geographical_entity,-1,True,-1.0,-1.0,1.0,-1.0,0.5762495871181209,0.4237504128818791,-1,1
5702,highway,scientific paper,geographical_entity,creative_work,-1,True,-1.0,-1.0,1.0,-1.0,0.5762495871181209,0.4237504128818791,-1,1
1076,amphibian,travel agency,species,organization,-1,True,1.0,1.0,-1.0,-1.0,0.5708457552035261,0.4291542447964739,-1,1
6179,island,cryptocurrency exchange,geographical_entity,organization,1,True,1.0,1.0,-1.0,1.0,0.3741412144346301,0.6258587855653699,1,1
6740,lawyer,cooperative,occupation,organization,1,True,1.0,1.0,1.0,1.0,0.2828651901918614,0.7171348098081386,1,1
3566,conglomerate,religious text,organization,creative_work,1,True,-1.0,-1.0,-1.0,1.0,0.4808603822516243,0.5191396177483757,1,1
5525,grass,skyscraper,species,man-made_object,1,True,1.0,1.0,1.0,1.0,0.2828651901918614,0.7171348098081386,1,1
8912,politician,NBA player,occupation,occupation,1,False,1.0,1.0,1.0,-1.0,0.4674213924851056,0.5325786075148944,1,1
10472,space station,smartphone,man-made_object,man-made_object,-1,False,-1.0,-1.0,1.0,-1.0,0.5762495871181209,0.4237504128818791,-1,1
4769,fish,fast food restaurant,species,organization,-1,True,0.0,0.0,-1.0,-1.0,0.6234576753337372,0.3765423246662628,-1,1
6917,mammal,animation studio,species,organization,1,True,1.0,1.0,1.0,1.0,0.2828651901918614,0.7171348098081386,1,1
8690,play,satellite,creative_work,man-made_object,1,True,1.0,1.0,-1.0,-1.0,0.5708457552035261,0.4291542447964739,-1,0
6158,island,board game,geographical_entity,creative_work,-1,True,1.0,1.0,-1.0,1.0,0.3741412144346301,0.6258587855653699,1,0
6062,insect,publisher,species,organization,1,True,1.0,1.0,1.0,1.0,0.2828651901918614,0.7171348098081386,1,1
3512,conglomerate,book,organization,creative_work,-1,True,-1.0,-1.0,-1.0,-1.0,0.6733108942104322,0.3266891057895678,-1,1
2075,bank,book,organization,creative_work,-1,True,-1.0,-1.0,1.0,-1.0,0.5762495871181209,0.4237504128818791,-1,1
9974,school teacher,public library,occupation,organization,1,True,-1.0,-1.0,1.0,1.0,0.3793288567889701,0.6206711432110299,1,1
1850,bacteria,bee,species,species,1,False,1.0,1.0,-1.0,-1.0,0.5708457552035261,0.4291542447964739,-1,0
7787,oil tanker,bicycle,man-made_object,man-made_object,-1,False,1.0,1.0,-1.0,-1.0,0.5708457552035261,0.4291542447964739,-1,1
8081,physicist,national dance,occupation,creative_work,1,True,1.0,1.0,1.0,1.0,0.2828651901918614,0.7171348098081386,1,1
6275,island,spacecraft,geographical_entity,man-made_object,-1,True,1.0,1.0,-1.0,-1.0,0.5708457552035261,0.4291542447964739,-1,1
3341,city,satellite,geographical_entity,man-made_object,1,True,1.0,1.0,-1.0,1.0,0.3741412144346301,0.6258587855653699,1,1
10364,snake,website,species,creative_work,-1,True,-1.0,-1.0,-1.0,-1.0,0.6733108942104322,0.3266891057895678,-1,1
10343,snake,tea company,species,organization,1,True,1.0,1.0,-1.0,1.0,0.3741412144346301,0.6258587855653699,1,1
10613,spider,highway,species,geographical_entity,1,True,1.0,1.0,1.0,-1.0,0.4674213924851056,0.5325786075148944,1,1
7331,national park,football club,geographical_entity,organization,-1,True,-1.0,-1.0,1.0,-1.0,0.5762495871181209,0.4237504128818791,-1,1
8213,phytoplankton,bank,species,organization,-1,True,-1.0,-1.0,1.0,1.0,0.3793288567889701,0.6206711432110299,1,0
2786,book,painting,creative_work,creative_work,1,False,-1.0,-1.0,-1.0,1.0,0.4808603822516243,0.5191396177483757,1,1
10346,snake,technological invention,species,creative_work,1,True,1.0,1.0,1.0,1.0,0.2828651901918614,0.7171348098081386,1,1
7817,oil tanker,wind turbine,man-made_object,man-made_object,-1,False,1.0,1.0,-1.0,-1.0,0.5708457552035261,0.4291542447964739,-1,1
4145,desert,animation studio,geographical_entity,organization,-1,True,1.0,1.0,-1.0,-1.0,0.5708457552035261,0.4291542447964739,-1,1
1202,ancient civilization,smartphone,geographical_entity,man-made_object,-1,True,0.0,0.0,1.0,-1.0,0.5220977118335559,0.47790228816644414,-1,1
6653,lake,song,geographical_entity,creative_work,-1,True,1.0,1.0,1.0,-1.0,0.4674213924851056,0.5325786075148944,1,0
4595,fast food restaurant,wind turbine,organization,man-made_object,1,True,0.0,0.0,1.0,-1.0,0.5220977118335559,0.47790228816644414,-1,0
1109,ancient civilization,animation studio,geographical_entity,organization,-1,True,-1.0,-1.0,-1.0,1.0,0.4808603822516243,0.5191396177483757,1,0
1370,animation studio,scientific paper,organization,creative_work,-1,True,-1.0,-1.0,1.0,-1.0,0.5762495871181209,0.4237504128818791,-1,1
8669,play,merchant ship,creative_work,man-made_object,-1,True,1.0,1.0,-1.0,-1.0,0.5708457552035261,0.4291542447964739,-1,1
6590,lake,highway,geographical_entity,geographical_entity,1,False,1.0,1.0,1.0,-1.0,0.4674213924851056,0.5325786075148944,1,1
6647,lake,skyscraper,geographical_entity,man-made_object,1,True,1.0,1.0,1.0,1.0,0.2828651901918614,0.7171348098081386,1,1
1079,amphibian,tree,species,species,-1,False,1.0,1.0,-1.0,-1.0,0.5708457552035261,0.4291542447964739,-1,1
5330,fungus,website,species,creative_work,-1,True,1.0,1.0,-1.0,-1.0,0.5708457552035261,0.4291542447964739,-1,1
2216,bee,board game,species,creative_work,-1,True,1.0,1.0,1.0,1.0,0.2828651901918614,0.7171348098081386,1,0
4859,fish,politician,species,occupation,-1,True,-1.0,-1.0,-1.0,1.0,0.4808603822516243,0.5191396177483757,1,0
9170,public library,mobile app,organization,creative_work,-1,True,1.0,1.0,0.0,-1.0,0.519340760888894,0.4806592391111059,-1,1
6035,insect,patent,species,creative_work,1,True,1.0,1.0,1.0,-1.0,0.4674213924851056,0.5325786075148944,1,1
11858,world heritage site,website,geographical_entity,creative_work,-1,True,-1.0,-1.0,-1.0,-1.0,0.6733108942104322,0.3266891057895678,-1,1
2933,butterfly,highway,species,geographical_entity,1,True,1.0,1.0,1.0,-1.0,0.4674213924851056,0.5325786075148944,1,1
11234,tree,space station,species,man-made_object,1,True,1.0,1.0,1.0,1.0,0.2828651901918614,0.7171348098081386,1,1
5975,insect,formula one circuit,species,man-made_object,1,True,1.0,1.0,1.0,1.0,0.2828651901918614,0.7171348098081386,1,1
3164,castle,oil tanker,geographical_entity,man-made_object,1,True,1.0,1.0,-1.0,-1.0,0.5708457552035261,0.4291542447964739,-1,0
6830,lawyer,religious text,occupation,creative_work,1,True,1.0,1.0,1.0,1.0,0.2828651901918614,0.7171348098081386,1,1
8780,police officer,fast food restaurant,occupation,organization,1,True,0.0,0.0,-1.0,1.0,0.42664722781895514,0.5733527721810449,1,1
9731,river,percussion instrument,geographical_entity,man-made_object,1,True,1.0,1.0,1.0,1.0,0.2828651901918614,0.7171348098081386,1,1
182,NBA player,wind turbine,occupation,man-made_object,-1,True,1.0,1.0,-1.0,-1.0,0.5708457552035261,0.4291542447964739,-1,1
4061,dentist,percussion instrument,occupation,man-made_object,1,True,-1.0,-1.0,1.0,1.0,0.3793288567889701,0.6206711432110299,1,1
1337,animation studio,mobile app,organization,creative_work,-1,True,-1.0,-1.0,1.0,-1.0,0.5762495871181209,0.4237504128818791,-1,1
11294,university,coal power plant,organization,organization,1,False,1.0,1.0,-1.0,1.0,0.3741412144346301,0.6258587855653699,1,1
9767,river,submarine,geographical_entity,man-made_object,1,True,1.0,1.0,1.0,1.0,0.2828651901918614,0.7171348098081386,1,1
8822,police officer,nuclear power plant,occupation,geographical_entity,1,True,1.0,1.0,1.0,1.0,0.2828651901918614,0.7171348098081386,1,1
10247,snake,merchant ship,species,man-made_object,-1,True,1.0,1.0,-1.0,-1.0,0.5708457552035261,0.4291542447964739,-1,1
8249,phytoplankton,dentist,species,occupation,-1,True,-1.0,-1.0,-1.0,-1.0,0.6733108942104322,0.3266891057895678,-1,1
4616,film,industrial robot,creative_work,man-made_object,-1,True,1.0,1.0,-1.0,-1.0,0.5708457552035261,0.4291542447964739,-1,1
2510,bird,helicopter,species,man-made_object,-1,True,1.0,1.0,-1.0,-1.0,0.5708457552035261,0.4291542447964739,-1,1
2402,bee,zoo,species,geographical_entity,1,True,1.0,1.0,1.0,1.0,0.2828651901918614,0.7171348098081386,1,1
5357,grass,ancient civilization,species,geographical_entity,1,True,1.0,1.0,1.0,1.0,0.2828651901918614,0.7171348098081386,1,1
7658,nurse,merchant ship,occupation,man-made_object,1,True,1.0,1.0,1.0,1.0,0.2828651901918614,0.7171348098081386,1,1
4352,fashion designer,dam,occupation,geographical_entity,1,True,-1.0,-1.0,-1.0,0.0,0.5801285571215558,0.41987144287844425,-1,0
1322,animation studio,film,organization,creative_work,-1,True,-1.0,-1.0,1.0,-1.0,0.5762495871181209,0.4237504128818791,-1,1
6866,lawyer,technological invention,occupation,creative_work,1,True,1.0,1.0,1.0,1.0,0.2828651901918614,0.7171348098081386,1,1
4304,fashion designer,airline pilot,occupation,occupation,-1,False,-1.0,-1.0,-1.0,-1.0,0.6733108942104322,0.3266891057895678,-1,1
4067,dentist,public library,occupation,organization,1,True,-1.0,-1.0,1.0,1.0,0.3793288567889701,0.6206711432110299,1,1
1127,ancient civilization,conglomerate,geographical_entity,organization,-1,True,-1.0,-1.0,1.0,-1.0,0.5762495871181209,0.4237504128818791,-1,1
5840,hospital,scientific paper,organization,creative_work,-1,True,-1.0,-1.0,-1.0,-1.0,0.6733108942104322,0.3266891057895678,-1,1
11405,video game,animation feature film,creative_work,creative_work,1,False,1.0,1.0,-1.0,1.0,0.3741412144346301,0.6258587855653699,1,1
4649,film,satellite,creative_work,man-made_object,1,True,1.0,1.0,-1.0,1.0,0.3741412144346301,0.6258587855653699,1,1
8636,plant,video game,species,creative_work,-1,True,1.0,1.0,1.0,1.0,0.2828651901918614,0.7171348098081386,1,0
8270,phytoplankton,helicopter,species,man-made_object,-1,True,-1.0,-1.0,-1.0,-1.0,0.6733108942104322,0.3266891057895678,-1,1
7304,national park,bicycle,geographical_entity,man-made_object,-1,True,1.0,1.0,-1.0,-1.0,0.5708457552035261,0.4291542447964739,-1,1
6704,lawyer,ancient civilization,occupation,geographical_entity,1,True,1.0,1.0,1.0,1.0,0.2828651901918614,0.7171348098081386,1,1
10973,travel agency,industrial robot,organization,man-made_object,-1,True,1.0,1.0,-1.0,-1.0,0.5708457552035261,0.4291542447964739,-1,1
2006,bacteria,scientific paper,species,creative_work,1,True,-1.0,-1.0,1.0,-1.0,0.5762495871181209,0.4237504128818791,-1,0
3689,cooperative,video game,organization,creative_work,1,True,-1.0,-1.0,1.0,1.0,0.3793288567889701,0.6206711432110299,1,1
7901,patent,formula one circuit,creative_work,man-made_object,1,True,1.0,1.0,1.0,1.0,0.2828651901918614,0.7171348098081386,1,1
4241,desert,publisher,geographical_entity,organization,-1,True,-1.0,-1.0,-1.0,-1.0,0.6733108942104322,0.3266891057895678,-1,1
4004,dentist,fast food restaurant,occupation,organization,1,True,0.0,0.0,-1.0,1.0,0.42664722781895514,0.5733527721810449,1,1
3248,city,animation studio,geographical_entity,organization,1,True,1.0,1.0,1.0,1.0,0.2828651901918614,0.7171348098081386,1,1
6476,journalist,skyscraper,occupation,man-made_object,1,True,1.0,1.0,1.0,-1.0,0.4674213924851056,0.5325786075148944,1,1
5654,highway,industrial robot,geographical_entity,man-made_object,-1,True,1.0,1.0,-1.0,-1.0,0.5708457552035261,0.4291542447964739,-1,1
6638,lake,religious text,geographical_entity,creative_work,1,True,1.0,1.0,1.0,1.0,0.2828651901918614,0.7171348098081386,1,1
2564,bird,painting,species,creative_work,-1,True,-1.0,-1.0,1.0,-1.0,0.5762495871181209,0.4237504128818791,-1,1
8183,physicist,zoo,occupation,geographical_entity,1,True,1.0,1.0,1.0,1.0,0.2828651901918614,0.7171348098081386,1,1
9905,school teacher,fast food restaurant,occupation,organization,1,True,0.0,0.0,1.0,1.0,0.32930157175276564,0.6706984282472344,1,1
410,airline,animation feature film,organization,creative_work,-1,True,-1.0,-1.0,-1.0,1.0,0.4808603822516243,0.5191396177483757,1,0
7277,national dance,submarine,creative_work,man-made_object,-1,True,-1.0,-1.0,-1.0,0.0,0.5801285571215558,0.41987144287844425,-1,1
6506,journalist,video game,occupation,creative_work,-1,True,1.0,1.0,1.0,1.0,0.2828651901918614,0.7171348098081386,1,0
572,airline pilot,dentist,occupation,occupation,-1,False,1.0,1.0,1.0,-1.0,0.4674213924851056,0.5325786075148944,1,0
1718,astronaut,nurse,occupation,occupation,-1,False,-1.0,-1.0,-1.0,-1.0,0.6733108942104322,0.3266891057895678,-1,1
5342,grass,NBA player,species,occupation,1,True,1.0,1.0,1.0,1.0,0.2828651901918614,0.7171348098081386,1,1
10610,spider,helicopter,species,man-made_object,-1,True,1.0,1.0,1.0,-1.0,0.4674213924851056,0.5325786075148944,1,0
11420,video game,merchant ship,creative_work,man-made_object,1,True,1.0,1.0,-1.0,-1.0,0.5708457552035261,0.4291542447964739,-1,0
377,actor,submarine,occupation,man-made_object,1,True,1.0,1.0,1.0,1.0,0.2828651901918614,0.7171348098081386,1,1
7481,nuclear power plant,hospital,geographical_entity,organization,-1,True,-1.0,-1.0,1.0,-1.0,0.5762495871181209,0.4237504128818791,-1,1
5438,grass,industrial robot,species,man-made_object,-1,True,1.0,1.0,-1.0,-1.0,0.5708457552035261,0.4291542447964739,-1,1
8090,physicist,nurse,occupation,occupation,-1,False,1.0,1.0,-1.0,-1.0,0.5708457552035261,0.4291542447964739,-1,1
10265,snake,observatory,species,man-made_object,1,True,1.0,1.0,1.0,1.0,0.2828651901918614,0.7171348098081386,1,1
4163,desert,city,geographical_entity,geographical_entity,-1,False,-1.0,-1.0,-1.0,-1.0,0.6733108942104322,0.3266891057895678,-1,1
9815,satellite,observatory,man-made_object,man-made_object,1,False,1.0,1.0,1.0,1.0,0.2828651901918614,0.7171348098081386,1,1
2213,bee,bicycle,species,man-made_object,-1,True,1.0,1.0,-1.0,-1.0,0.5708457552035261,0.4291542447964739,-1,1
8189,phytoplankton,actor,species,occupation,-1,True,-1.0,-1.0,-1.0,1.0,0.4808603822516243,0.5191396177483757,1,0
404,actor,world heritage site,occupation,geographical_entity,1,True,1.0,1.0,1.0,-1.0,0.4674213924851056,0.5325786075148944,1,1
5720,highway,submarine,geographical_entity,man-made_object,1,True,-1.0,-1.0,1.0,1.0,0.3793288567889701,0.6206711432110299,1,1
2198,bee,animation feature film,species,creative_work,1,True,-1.0,-1.0,1.0,1.0,0.3793288567889701,0.6206711432110299,1,1
11303,university,cryptocurrency exchange,organization,organization,1,False,1.0,1.0,-1.0,1.0,0.3741412144346301,0.6258587855653699,1,1
1523,architect,painting,occupation,creative_work,1,True,-1.0,-1.0,1.0,-1.0,0.5762495871181209,0.4237504128818791,-1,0
2711,board game,play,creative_work,creative_work,1,False,-1.0,-1.0,-1.0,-1.0,0.6733108942104322,0.3266891057895678,-1,0
734,airport,city,geographical_entity,geographical_entity,-1,False,1.0,1.0,-1.0,-1.0,0.5708457552035261,0.4291542447964739,-1,1
2117,bank,oil tanker,organization,man-made_object,1,True,1.0,1.0,1.0,1.0,0.2828651901918614,0.7171348098081386,1,1
9467,researcher,cryptocurrency exchange,occupation,organization,1,True,1.0,1.0,1.0,1.0,0.2828651901918614,0.7171348098081386,1,1
9521,researcher,national dance,occupation,creative_work,1,True,1.0,1.0,1.0,1.0,0.2828651901918614,0.7171348098081386,1,1
5192,fungus,insect,species,species,-1,False,-1.0,-1.0,-1.0,-1.0,0.6733108942104322,0.3266891057895678,-1,1
8414,plant,actor,species,occupation,-1,True,-1.0,-1.0,1.0,1.0,0.3793288567889701,0.6206711432110299,1,0
7493,nuclear power plant,national dance,geographical_entity,creative_work,1,True,1.0,1.0,1.0,-1.0,0.4674213924851056,0.5325786075148944,1,1
7094,mammal,smartphone,species,man-made_object,-1,True,1.0,1.0,1.0,-1.0,0.4674213924851056,0.5325786075148944,1,0
4238,desert,public library,geographical_entity,organization,-1,True,-1.0,-1.0,1.0,-1.0,0.5762495871181209,0.4237504128818791,-1,1
10880,tea company,space station,organization,man-made_object,1,True,-1.0,-1.0,1.0,1.0,0.3793288567889701,0.6206711432110299,1,1
4451,fashion designer,skyscraper,occupation,man-made_object,1,True,-1.0,-1.0,-1.0,-1.0,0.6733108942104322,0.3266891057895678,-1,0
5198,fungus,journalist,species,occupation,1,True,1.0,1.0,1.0,-1.0,0.4674213924851056,0.5325786075148944,1,1
3788,cryptocurrency exchange,website,organization,creative_work,-1,True,-1.0,-1.0,-1.0,-1.0,0.6733108942104322,0.3266891057895678,-1,1
9113,politician,university,occupation,organization,1,True,1.0,1.0,1.0,-1.0,0.4674213924851056,0.5325786075148944,1,1
2669,bird,zoo,species,geographical_entity,1,True,1.0,1.0,1.0,1.0,0.2828651901918614,0.7171348098081386,1,1
5693,highway,publisher,geographical_entity,organization,-1,True,-1.0,-1.0,-1.0,1.0,0.4808603822516243,0.5191396177483757,1,0
5732,highway,university,geographical_entity,organization,-1,True,-1.0,-1.0,-1.0,1.0,0.4808603822516243,0.5191396177483757,1,0
8660,play,formula one circuit,creative_work,man-made_object,1,True,1.0,1.0,-1.0,1.0,0.3741412144346301,0.6258587855653699,1,1
5717,highway,spacecraft,geographical_entity,man-made_object,-1,True,1.0,1.0,1.0,1.0,0.2828651901918614,0.7171348098081386,1,0
2222,bee,castle,species,geographical_entity,-1,True,-1.0,-1.0,1.0,1.0,0.3793288567889701,0.6206711432110299,1,0
4637,film,patent,creative_work,creative_work,-1,False,1.0,1.0,-1.0,-1.0,0.5708457552035261,0.4291542447964739,-1,1
29,NBA player,book,occupation,creative_work,-1,True,-1.0,-1.0,1.0,-1.0,0.5762495871181209,0.4237504128818791,-1,1
9890,school teacher,cooperative,occupation,organization,1,True,1.0,1.0,1.0,1.0,0.2828651901918614,0.7171348098081386,1,1
9047,politician,patent,occupation,creative_work,1,True,1.0,1.0,1.0,-1.0,0.4674213924851056,0.5325786075148944,1,1
3893,dam,public library,geographical_entity,organization,-1,True,1.0,1.0,1.0,-1.0,0.4674213924851056,0.5325786075148944,1,0
3008,butterfly,religious text,species,creative_work,1,True,1.0,1.0,1.0,-1.0,0.4674213924851056,0.5325786075148944,1,1
9515,researcher,merchant ship,occupation,man-made_object,1,True,1.0,1.0,1.0,1.0,0.2828651901918614,0.7171348098081386,1,1
11048,tree,airline,species,organization,1,True,-1.0,-1.0,1.0,1.0,0.3793288567889701,0.6206711432110299,1,1
6761,lawyer,football club,occupation,organization,1,True,1.0,1.0,1.0,1.0,0.2828651901918614,0.7171348098081386,1,1
7631,nurse,film,occupation,creative_work,1,True,-1.0,-1.0,1.0,1.0,0.3793288567889701,0.6206711432110299,1,1
2105,bank,merchant ship,organization,man-made_object,-1,True,1.0,1.0,-1.0,-1.0,0.5708457552035261,0.4291542447964739,-1,1
9602,researcher,university,occupation,organization,1,True,1.0,1.0,1.0,1.0,0.2828651901918614,0.7171348098081386,1,1
8375,phytoplankton,spacecraft,species,man-made_object,-1,True,-1.0,-1.0,1.0,0.0,0.4768912734426505,0.5231087265573495,1,0
3368,city,technological invention,geographical_entity,creative_work,1,True,1.0,1.0,1.0,1.0,0.2828651901918614,0.7171348098081386,1,1
620,airline pilot,nuclear power plant,occupation,geographical_entity,1,True,1.0,1.0,1.0,1.0,0.2828651901918614,0.7171348098081386,1,1
2084,bank,cooperative,organization,organization,-1,False,1.0,1.0,-1.0,-1.0,0.5708457552035261,0.4291542447964739,-1,1
2054,bacteria,world heritage site,species,geographical_entity,1,True,1.0,1.0,-1.0,1.0,0.3741412144346301,0.6258587855653699,1,1
4367,fashion designer,football club,occupation,organization,1,True,-1.0,-1.0,-1.0,-1.0,0.6733108942104322,0.3266891057895678,-1,0
7532,nuclear power plant,skyscraper,geographical_entity,man-made_object,-1,True,-1.0,-1.0,1.0,-1.0,0.5762495871181209,0.4237504128818791,-1,1
11102,tree,cryptocurrency exchange,species,organization,1,True,1.0,1.0,1.0,1.0,0.2828651901918614,0.7171348098081386,1,1
3047,butterfly,technological invention,species,creative_work,1,True,1.0,1.0,1.0,1.0,0.2828651901918614,0.7171348098081386,1,1
11372,university,smartphone,organization,man-made_object,-1,True,1.0,1.0,1.0,-1.0,0.4674213924851056,0.5325786075148944,1,0
1643,astronaut,city,occupation,geographical_entity,-1,True,-1.0,-1.0,-1.0,-1.0,0.6733108942104322,0.3266891057895678,-1,1
8957,politician,city,occupation,geographical_entity,1,True,1.0,1.0,1.0,-1.0,0.4674213924851056,0.5325786075148944,1,1
3707,cryptocurrency exchange,book,organization,creative_work,-1,True,-1.0,-1.0,1.0,-1.0,0.5762495871181209,0.4237504128818791,-1,1
1715,astronaut,nuclear power plant,occupation,geographical_entity,1,True,1.0,1.0,1.0,-1.0,0.4674213924851056,0.5325786075148944,1,1
6683,lake,wind turbine,geographical_entity,man-made_object,1,True,1.0,1.0,-1.0,-1.0,0.5708457552035261,0.4291542447964739,-1,0
9359,publisher,wind turbine,organization,man-made_object,-1,True,1.0,1.0,-1.0,-1.0,0.5708457552035261,0.4291542447964739,-1,1
8810,police officer,merchant ship,occupation,man-made_object,1,True,1.0,1.0,1.0,1.0,0.2828651901918614,0.7171348098081386,1,1
11051,tree,airline pilot,species,occupation,-1,True,-1.0,-1.0,-1.0,0.0,0.5801285571215558,0.41987144287844425,-1,1
890,amphibian,architect,species,occupation,-1,True,-1.0,-1.0,-1.0,-1.0,0.6733108942104322,0.3266891057895678,-1,1
1913,bacteria,highway,species,geographical_entity,1,True,1.0,1.0,-1.0,-1.0,0.5708457552035261,0.4291542447964739,-1,0
10424,song,smartphone,creative_work,man-made_object,-1,True,1.0,1.0,1.0,-1.0,0.4674213924851056,0.5325786075148944,1,0
7619,nurse,dam,occupation,geographical_entity,1,True,-1.0,-1.0,1.0,1.0,0.3793288567889701,0.6206711432110299,1,1
6503,journalist,university,occupation,organization,1,True,1.0,1.0,1.0,-1.0,0.4674213924851056,0.5325786075148944,1,1
9215,public library,spacecraft,organization,man-made_object,1,True,1.0,1.0,-1.0,1.0,0.3741412144346301,0.6258587855653699,1,1
1976,bacteria,play,species,creative_work,1,True,1.0,1.0,-1.0,1.0,0.3741412144346301,0.6258587855653699,1,1
11828,world heritage site,smartphone,geographical_entity,man-made_object,-1,True,-1.0,-1.0,1.0,-1.0,0.5762495871181209,0.4237504128818791,-1,1
566,airline pilot,cryptocurrency exchange,occupation,organization,1,True,1.0,1.0,1.0,1.0,0.2828651901918614,0.7171348098081386,1,1
1898,bacteria,film,species,creative_work,1,True,-1.0,-1.0,1.0,1.0,0.3793288567889701,0.6206711432110299,1,1
9953,school teacher,observatory,occupation,man-made_object,1,True,1.0,1.0,1.0,1.0,0.2828651901918614,0.7171348098081386,1,1
11540,volcano,football club,geographical_entity,organization,1,True,-1.0,-1.0,1.0,-1.0,0.5762495871181209,0.4237504128818791,-1,0
6791,lawyer,national dance,occupation,creative_work,1,True,1.0,1.0,1.0,1.0,0.2828651901918614,0.7171348098081386,1,1
1742,astronaut,public library,occupation,organization,-1,True,-1.0,-1.0,1.0,-1.0,0.5762495871181209,0.4237504128818791,-1,1
10244,snake,mammal,species,species,-1,False,-1.0,-1.0,-1.0,0.0,0.5801285571215558,0.41987144287844425,-1,1
695,airline pilot,volcano,occupation,geographical_entity,1,True,1.0,1.0,1.0,1.0,0.2828651901918614,0.7171348098081386,1,1
10778,submarine,oil tanker,man-made_object,man-made_object,-1,False,1.0,1.0,-1.0,-1.0,0.5708457552035261,0.4291542447964739,-1,1
3722,cryptocurrency exchange,industrial robot,organization,man-made_object,-1,True,1.0,1.0,-1.0,-1.0,0.5708457552035261,0.4291542447964739,-1,1
10565,spider,castle,species,geographical_entity,-1,True,1.0,1.0,1.0,1.0,0.2828651901918614,0.7171348098081386,1,0
7208,mobile app,smartphone,creative_work,man-made_object,-1,True,1.0,1.0,0.0,-1.0,0.519340760888894,0.4806592391111059,-1,1
3785,cryptocurrency exchange,video game,organization,creative_work,-1,True,-1.0,-1.0,1.0,-1.0,0.5762495871181209,0.4237504128818791,-1,1
11702,wind turbine,formula one circuit,man-made_object,man-made_object,1,False,-1.0,-1.0,1.0,1.0,0.3793288567889701,0.6206711432110299,1,1
5969,insect,fish,species,species,1,False,1.0,1.0,1.0,1.0,0.2828651901918614,0.7171348098081386,1,1
2246,bee,desert,species,geographical_entity,1,True,1.0,1.0,1.0,1.0,0.2828651901918614,0.7171348098081386,1,1
5678,highway,painting,geographical_entity,creative_work,-1,True,-1.0,-1.0,1.0,-1.0,0.5762495871181209,0.4237504128818791,-1,1
7391,national park,smartphone,geographical_entity,man-made_object,-1,True,1.0,1.0,1.0,-1.0,0.4674213924851056,0.5325786075148944,1,0
4694,fish,airline pilot,species,occupation,-1,True,-1.0,-1.0,-1.0,0.0,0.5801285571215558,0.41987144287844425,-1,1
2936,butterfly,hospital,species,organization,-1,True,1.0,1.0,1.0,-1.0,0.4674213924851056,0.5325786075148944,1,0
4376,fashion designer,highway,occupation,geographical_entity,1,True,1.0,1.0,-1.0,-1.0,0.5708457552035261,0.4291542447964739,-1,0
2162,bank,tea company,organization,organization,1,False,1.0,1.0,-1.0,1.0,0.3741412144346301,0.6258587855653699,1,1
10409,song,play,creative_work,creative_work,1,False,1.0,1.0,-1.0,1.0,0.3741412144346301,0.6258587855653699,1,1
9299,publisher,oil tanker,organization,man-made_object,1,True,1.0,1.0,1.0,1.0,0.2828651901918614,0.7171348098081386,1,1
11468,video game,spacecraft,creative_work,man-made_object,1,True,1.0,1.0,0.0,-1.0,0.519340760888894,0.4806592391111059,-1,0
10748,spider,website,species,creative_work,-1,True,1.0,1.0,-1.0,-1.0,0.5708457552035261,0.4291542447964739,-1,1
4643,film,play,creative_work,creative_work,1,False,1.0,1.0,-1.0,1.0,0.3741412144346301,0.6258587855653699,1,1
1085,amphibian,video game,species,creative_work,-1,True,-1.0,-1.0,1.0,-1.0,0.5762495871181209,0.4237504128818791,-1,1
8870,police officer,song,occupation,creative_work,-1,True,-1.0,-1.0,1.0,1.0,0.3793288567889701,0.6206711432110299,1,0
8564,plant,physicist,species,occupation,-1,True,1.0,1.0,1.0,-1.0,0.4674213924851056,0.5325786075148944,1,0
4331,fashion designer,book,occupation,creative_work,-1,True,-1.0,-1.0,-1.0,-1.0,0.6733108942104322,0.3266891057895678,-1,1
4391,fashion designer,merchant ship,occupation,man-made_object,1,True,1.0,1.0,-1.0,-1.0,0.5708457552035261,0.4291542447964739,-1,0
3026,butterfly,skyscraper,species,man-made_object,1,True,1.0,1.0,1.0,-1.0,0.4674213924851056,0.5325786075148944,1,1
11684,website,smartphone,creative_work,man-made_object,-1,True,1.0,1.0,1.0,1.0,0.2828651901918614,0.7171348098081386,1,0
581,airline pilot,film,occupation,creative_work,-1,True,-1.0,-1.0,1.0,1.0,0.3793288567889701,0.6206711432110299,1,0
6185,island,desert,geographical_entity,geographical_entity,1,False,1.0,1.0,1.0,1.0,0.2828651901918614,0.7171348098081386,1,1
2207,bee,astronaut,species,occupation,1,True,1.0,1.0,1.0,1.0,0.2828651901918614,0.7171348098081386,1,1
5705,highway,skyscraper,geographical_entity,man-made_object,-1,True,-1.0,-1.0,-1.0,1.0,0.4808603822516243,0.5191396177483757,1,0
2957,butterfly,mobile app,species,creative_work,-1,True,1.0,1.0,1.0,-1.0,0.4674213924851056,0.5325786075148944,1,0
4463,fashion designer,spacecraft,occupation,man-made_object,1,True,1.0,1.0,-1.0,-1.0,0.5708457552035261,0.4291542447964739,-1,0
383,actor,technological invention,occupation,creative_work,1,True,1.0,1.0,1.0,1.0,0.2828651901918614,0.7171348098081386,1,1
7160,mobile app,animation feature film,creative_work,creative_work,1,False,-1.0,-1.0,-1.0,1.0,0.4808603822516243,0.5191396177483757,1,1
683,airline pilot,technological invention,occupation,creative_work,1,True,1.0,1.0,1.0,1.0,0.2828651901918614,0.7171348098081386,1,1
10493,spacecraft,industrial robot,man-made_object,man-made_object,-1,False,1.0,1.0,-1.0,-1.0,0.5708457552035261,0.4291542447964739,-1,1
5027,football club,skyscraper,organization,man-made_object,-1,True,1.0,1.0,-1.0,-1.0,0.5708457552035261,0.4291542447964739,-1,1
3122,castle,fast food restaurant,geographical_entity,organization,1,True,0.0,0.0,-1.0,-1.0,0.6234576753337372,0.3765423246662628,-1,0
8141,physicist,smartphone,occupation,man-made_object,-1,True,1.0,1.0,1.0,-1.0,0.4674213924851056,0.5325786075148944,1,0
3728,cryptocurrency exchange,mobile app,organization,creative_work,-1,True,-1.0,-1.0,1.0,-1.0,0.5762495871181209,0.4237504128818791,-1,1
7961,percussion instrument,industrial robot,man-made_object,man-made_object,-1,False,1.0,1.0,-1.0,-1.0,0.5708457552035261,0.4291542447964739,-1,1
8387,phytoplankton,travel agency,species,organization,-1,True,-1.0,-1.0,-1.0,0.0,0.5801285571215558,0.41987144287844425,-1,1
7283,national dance,website,creative_work,creative_work,-1,False,-1.0,-1.0,-1.0,-1.0,0.6733108942104322,0.3266891057895678,-1,1
536,airline pilot,animation studio,occupation,organization,1,True,1.0,1.0,1.0,1.0,0.2828651901918614,0.7171348098081386,1,1
3503,conglomerate,animation feature film,organization,creative_work,-1,True,-1.0,-1.0,-1.0,1.0,0.4808603822516243,0.5191396177483757,1,0
4763,fish,desert,species,geographical_entity,1,True,-1.0,-1.0,1.0,1.0,0.3793288567889701,0.6206711432110299,1,1
8390,phytoplankton,university,species,organization,-1,True,-1.0,-1.0,1.0,1.0,0.3793288567889701,0.6206711432110299,1,0
7064,mammal,politician,species,occupation,-1,True,-1.0,-1.0,-1.0,1.0,0.4808603822516243,0.5191396177483757,1,0
6020,insect,nuclear power plant,species,geographical_entity,1,True,1.0,1.0,1.0,1.0,0.2828651901918614,0.7171348098081386,1,1
8339,phytoplankton,public library,species,organization,-1,True,-1.0,-1.0,1.0,-1.0,0.5762495871181209,0.4237504128818791,-1,1
2003,bacteria,school teacher,species,occupation,1,True,1.0,1.0,-1.0,-1.0,0.5708457552035261,0.4291542447964739,-1,0
3500,coal power plant,wind turbine,organization,man-made_object,-1,True,1.0,1.0,-1.0,-1.0,0.5708457552035261,0.4291542447964739,-1,1
1685,astronaut,highway,occupation,geographical_entity,-1,True,-1.0,-1.0,1.0,-1.0,0.5762495871181209,0.4237504128818791,-1,1
6581,lake,football club,geographical_entity,organization,1,True,1.0,1.0,1.0,1.0,0.2828651901918614,0.7171348098081386,1,1
4133,desert,airline,geographical_entity,organization,-1,True,-1.0,-1.0,-1.0,-1.0,0.6733108942104322,0.3266891057895678,-1,1
10178,snake,conglomerate,species,organization,1,True,1.0,1.0,1.0,-1.0,0.4674213924851056,0.5325786075148944,1,1
239,actor,conglomerate,occupation,organization,1,True,1.0,1.0,1.0,-1.0,0.4674213924851056,0.5325786075148944,1,1
6599,lake,merchant ship,geographical_entity,man-made_object,1,True,1.0,1.0,-1.0,-1.0,0.5708457552035261,0.4291542447964739,-1,0
1283,animation feature film,technological invention,creative_work,creative_work,1,False,1.0,1.0,1.0,0.0,0.3704244464631621,0.6295755535368379,1,1
6167,island,city,geographical_entity,geographical_entity,-1,False,1.0,1.0,-1.0,0.0,0.4713827077456686,0.5286172922543314,1,0
8774,police officer,dentist,occupation,occupation,1,False,1.0,1.0,-1.0,-1.0,0.5708457552035261,0.4291542447964739,-1,0
10625,spider,journalist,species,occupation,-1,True,-1.0,-1.0,1.0,1.0,0.3793288567889701,0.6206711432110299,1,0
7385,national park,scientific paper,geographical_entity,creative_work,-1,True,-1.0,-1.0,1.0,-1.0,0.5762495871181209,0.4237504128818791,-1,1
7310,national park,book,geographical_entity,creative_work,-1,True,-1.0,-1.0,1.0,-1.0,0.5762495871181209,0.4237504128818791,-1,1
6971,mammal,desert,species,geographical_entity,1,True,1.0,1.0,1.0,1.0,0.2828651901918614,0.7171348098081386,1,1
7568,nuclear power plant,wind turbine,geographical_entity,man-made_object,-1,True,1.0,1.0,-1.0,-1.0,0.5708457552035261,0.4291542447964739,-1,1
5051,football club,travel agency,organization,organization,-1,False,1.0,1.0,-1.0,-1.0,0.5708457552035261,0.4291542447964739,-1,1
3287,city,helicopter,geographical_entity,man-made_object,-1,True,1.0,1.0,-1.0,-1.0,0.5708457552035261,0.4291542447964739,-1,1
6914,mammal,animation feature film,species,creative_work,-1,True,1.0,1.0,1.0,1.0,0.2828651901918614,0.7171348098081386,1,0
3680,cooperative,submarine,organization,man-made_object,1,True,-1.0,-1.0,1.0,1.0,0.3793288567889701,0.6206711432110299,1,1
8093,physicist,observatory,occupation,man-made_object,1,True,1.0,1.0,1.0,1.0,0.2828651901918614,0.7171348098081386,1,1
6161,island,book,geographical_entity,creative_work,-1,True,-1.0,-1.0,-1.0,-1.0,0.6733108942104322,0.3266891057895678,-1,1
5543,grass,tea company,species,organization,1,True,1.0,1.0,1.0,1.0,0.2828651901918614,0.7171348098081386,1,1
4613,film,helicopter,creative_work,man-made_object,1,True,1.0,1.0,-1.0,-1.0,0.5708457552035261,0.4291542447964739,-1,0
3536,conglomerate,merchant ship,organization,man-made_object,-1,True,-1.0,-1.0,-1.0,-1.0,0.6733108942104322,0.3266891057895678,-1,1
5771,hospital,coal power plant,organization,organization,1,False,1.0,1.0,-1.0,1.0,0.3741412144346301,0.6258587855653699,1,1
10349,snake,travel agency,species,organization,-1,True,1.0,1.0,-1.0,-1.0,0.5708457552035261,0.4291542447964739,-1,1
7670,nurse,nuclear power plant,occupation,geographical_entity,1,True,1.0,1.0,1.0,1.0,0.2828651901918614,0.7171348098081386,1,1
6230,island,observatory,geographical_entity,man-made_object,1,True,1.0,1.0,-1.0,1.0,0.3741412144346301,0.6258587855653699,1,1
542,airline pilot,bicycle,occupation,man-made_object,-1,True,1.0,1.0,-1.0,-1.0,0.5708457552035261,0.4291542447964739,-1,1
10745,spider,volcano,species,geographical_entity,1,True,1.0,1.0,1.0,1.0,0.2828651901918614,0.7171348098081386,1,1
836,airport,submarine,geographical_entity,man-made_object,1,True,1.0,1.0,-1.0,1.0,0.3741412144346301,0.6258587855653699,1,1
3176,castle,play,geographical_entity,creative_work,1,True,1.0,1.0,1.0,-1.0,0.4674213924851056,0.5325786075148944,1,1
7109,mammal,submarine,species,man-made_object,1,True,1.0,1.0,1.0,1.0,0.2828651901918614,0.7171348098081386,1,1
6374,journalist,desert,occupation,geographical_entity,1,True,1.0,1.0,1.0,1.0,0.2828651901918614,0.7171348098081386,1,1
4520,fast food restaurant,formula one circuit,organization,man-made_object,1,True,0.0,0.0,1.0,1.0,0.32930157175276564,0.6706984282472344,1,1
10250,snake,mobile app,species,creative_work,-1,True,1.0,1.0,1.0,-1.0,0.4674213924851056,0.5325786075148944,1,0
2765,book,helicopter,creative_work,man-made_object,1,True,1.0,1.0,-1.0,1.0,0.3741412144346301,0.6258587855653699,1,1
9728,river,patent,geographical_entity,creative_work,-1,True,1.0,1.0,1.0,0.0,0.3704244464631621,0.6295755535368379,1,0
11912,zoo,helicopter,geographical_entity,man-made_object,-1,True,1.0,1.0,-1.0,-1.0,0.5708457552035261,0.4291542447964739,-1,1
6125,insect,website,species,creative_work,-1,True,1.0,1.0,-1.0,-1.0,0.5708457552035261,0.4291542447964739,-1,1
5747,highway,zoo,geographical_entity,geographical_entity,-1,False,-1.0,-1.0,-1.0,1.0,0.4808603822516243,0.5191396177483757,1,0
9056,politician,play,occupation,creative_work,1,True,1.0,1.0,1.0,-1.0,0.4674213924851056,0.5325786075148944,1,1
11471,video game,submarine,creative_work,man-made_object,1,True,1.0,1.0,-1.0,1.0,0.3741412144346301,0.6258587855653699,1,1
3656,cooperative,religious text,organization,creative_work,1,True,-1.0,-1.0,1.0,1.0,0.3793288567889701,0.6206711432110299,1,1
4679,film,website,creative_work,creative_work,-1,False,1.0,1.0,-1.0,-1.0,0.5708457552035261,0.4291542447964739,-1,1
4412,fashion designer,oil tanker,occupation,man-made_object,1,True,1.0,1.0,-1.0,1.0,0.3741412144346301,0.6258587855653699,1,1
173,NBA player,video game,occupation,creative_work,-1,True,-1.0,-1.0,1.0,0.0,0.4768912734426505,0.5231087265573495,1,0
3119,castle,dam,geographical_entity,geographical_entity,1,False,-1.0,-1.0,-1.0,-1.0,0.6733108942104322,0.3266891057895678,-1,0
6812,lawyer,patent,occupation,creative_work,1,True,1.0,1.0,1.0,0.0,0.3704244464631621,0.6295755535368379,1,1
1346,animation studio,oil tanker,organization,man-made_object,-1,True,1.0,1.0,-1.0,-1.0,0.5708457552035261,0.4291542447964739,-1,1
4805,fish,lawyer,species,occupation,-1,True,-1.0,-1.0,-1.0,-1.0,0.6733108942104322,0.3266891057895678,-1,1
9995,school teacher,smartphone,occupation,man-made_object,-1,True,1.0,1.0,1.0,-1.0,0.4674213924851056,0.5325786075148944,1,0
1292,animation studio,airline,organization,organization,-1,False,-1.0,-1.0,1.0,-1.0,0.5762495871181209,0.4237504128818791,-1,1
4865,fish,publisher,species,organization,1,True,-1.0,-1.0,1.0,1.0,0.3793288567889701,0.6206711432110299,1,1
10124,snake,airline pilot,species,occupation,-1,True,-1.0,-1.0,-1.0,-1.0,0.6733108942104322,0.3266891057895678,-1,1
9179,public library,oil tanker,organization,man-made_object,1,True,1.0,1.0,-1.0,1.0,0.3741412144346301,0.6258587855653699,1,1
10286,snake,plant,species,species,-1,False,-1.0,-1.0,-1.0,-1.0,0.6733108942104322,0.3266891057895678,-1,1
1352,animation studio,patent,organization,creative_work,-1,True,-1.0,-1.0,-1.0,-1.0,0.6733108942104322,0.3266891057895678,-1,1
3758,cryptocurrency exchange,scientific paper,organization,creative_work,-1,True,-1.0,-1.0,1.0,-1.0,0.5762495871181209,0.4237504128818791,-1,1
2303,bee,nurse,species,occupation,-1,True,-1.0,-1.0,-1.0,-1.0,0.6733108942104322,0.3266891057895678,-1,1
5555,grass,university,species,organization,-1,True,1.0,1.0,1.0,1.0,0.2828651901918614,0.7171348098081386,1,0
9827,satellite,smartphone,man-made_object,man-made_object,-1,False,1.0,1.0,1.0,-1.0,0.4674213924851056,0.5325786075148944,1,0
11165,tree,nuclear power plant,species,geographical_entity,1,True,1.0,1.0,1.0,1.0,0.2828651901918614,0.7171348098081386,1,1
8267,phytoplankton,formula one circuit,species,man-made_object,1,True,-1.0,-1.0,1.0,1.0,0.3793288567889701,0.6206711432110299,1,1
2360,bee,smartphone,species,man-made_object,-1,True,1.0,1.0,1.0,-1.0,0.4674213924851056,0.5325786075148944,1,0
11204,tree,publisher,species,organization,1,True,-1.0,-1.0,1.0,1.0,0.3793288567889701,0.6206711432110299,1,1
3593,conglomerate,technological invention,organization,creative_work,1,True,1.0,1.0,1.0,1.0,0.2828651901918614,0.7171348098081386,1,1
1040,amphibian,river,species,geographical_entity,-1,True,-1.0,-1.0,-1.0,-1.0,0.6733108942104322,0.3266891057895678,-1,1
1508,architect,national park,occupation,geographical_entity,1,True,1.0,1.0,1.0,1.0,0.2828651901918614,0.7171348098081386,1,1
9476,researcher,desert,occupation,geographical_entity,1,True,1.0,1.0,1.0,1.0,0.2828651901918614,0.7171348098081386,1,1
3344,city,scientific paper,geographical_entity,creative_work,-1,True,-1.0,-1.0,1.0,-1.0,0.5762495871181209,0.4237504128818791,-1,1
4631,film,oil tanker,creative_work,man-made_object,1,True,1.0,1.0,-1.0,1.0,0.3741412144346301,0.6258587855653699,1,1
6944,mammal,butterfly,species,species,-1,False,-1.0,-1.0,-1.0,0.0,0.5801285571215558,0.41987144287844425,-1,1
8579,plant,public library,species,organization,1,True,1.0,1.0,1.0,-1.0,0.4674213924851056,0.5325786075148944,1,1
4325,fashion designer,bicycle,occupation,man-made_object,-1,True,1.0,1.0,-1.0,-1.0,0.5708457552035261,0.4291542447964739,-1,1
11531,volcano,desert,geographical_entity,geographical_entity,1,False,-1.0,-1.0,1.0,1.0,0.3793288567889701,0.6206711432110299,1,1
5111,fungus,astronaut,species,occupation,1,True,1.0,1.0,1.0,1.0,0.2828651901918614,0.7171348098081386,1,1
6587,lake,helicopter,geographical_entity,man-made_object,1,True,1.0,1.0,-1.0,-1.0,0.5708457552035261,0.4291542447964739,-1,0
806,airport,public library,geographical_entity,organization,-1,True,-1.0,-1.0,1.0,-1.0,0.5762495871181209,0.4237504128818791,-1,1
4592,fast food restaurant,website,organization,creative_work,-1,True,0.0,0.0,-1.0,-1.0,0.6234576753337372,0.3765423246662628,-1,1
9683,river,formula one circuit,geographical_entity,man-made_object,1,True,1.0,1.0,1.0,1.0,0.2828651901918614,0.7171348098081386,1,1
8246,phytoplankton,dam,species,geographical_entity,-1,True,-1.0,-1.0,-1.0,1.0,0.4808603822516243,0.5191396177483757,1,0
10871,tea company,skyscraper,organization,man-made_object,-1,True,-1.0,-1.0,1.0,-1.0,0.5762495871181209,0.4237504128818791,-1,1
6557,lake,coal power plant,geographical_entity,organization,1,True,1.0,1.0,-1.0,1.0,0.3741412144346301,0.6258587855653699,1,1
11708,wind turbine,merchant ship,man-made_object,man-made_object,1,False,-1.0,-1.0,1.0,1.0,0.3793288567889701,0.6206711432110299,1,1
7178,mobile app,national dance,creative_work,creative_work,1,False,1.0,1.0,-1.0,1.0,0.3741412144346301,0.6258587855653699,1,1
1697,astronaut,lake,occupation,geographical_entity,-1,True,-1.0,-1.0,1.0,-1.0,0.5762495871181209,0.4237504128818791,-1,1
791,airport,oil tanker,geographical_entity,man-made_object,1,True,1.0,1.0,-1.0,1.0,0.3741412144346301,0.6258587855653699,1,1
6650,lake,smartphone,geographical_entity,man-made_object,-1,True,1.0,1.0,1.0,-1.0,0.4674213924851056,0.5325786075148944,1,0
10724,spider,submarine,species,man-made_object,1,True,1.0,1.0,1.0,1.0,0.2828651901918614,0.7171348098081386,1,1
8894,police officer,video game,occupation,creative_work,1,True,-1.0,-1.0,1.0,1.0,0.3793288567889701,0.6206711432110299,1,1
3791,cryptocurrency exchange,wind turbine,organization,man-made_object,-1,True,-1.0,-1.0,-1.0,-1.0,0.6733108942104322,0.3266891057895678,-1,1
8417,plant,airline,species,organization,1,True,1.0,1.0,1.0,1.0,0.2828651901918614,0.7171348098081386,1,1
10790,submarine,spacecraft,man-made_object,man-made_object,-1,False,1.0,1.0,1.0,-1.0,0.4674213924851056,0.5325786075148944,1,0
4127,dentist,world heritage site,occupation,geographical_entity,1,True,1.0,1.0,1.0,1.0,0.2828651901918614,0.7171348098081386,1,1
3455,coal power plant,public library,organization,organization,-1,False,-1.0,-1.0,1.0,-1.0,0.5762495871181209,0.4237504128818791,-1,1
7229,mobile app,wind turbine,creative_work,man-made_object,1,True,1.0,1.0,-1.0,1.0,0.3741412144346301,0.6258587855653699,1,1
8357,phytoplankton,school teacher,species,occupation,-1,True,-1.0,-1.0,-1.0,-1.0,0.6733108942104322,0.3266891057895678,-1,1
944,amphibian,film,species,creative_work,-1,True,-1.0,-1.0,1.0,-1.0,0.5762495871181209,0.4237504128818791,-1,1
6371,journalist,dentist,occupation,occupation,-1,False,1.0,1.0,-1.0,-1.0,0.5708457552035261,0.4291542447964739,-1,1
10556,spider,board game,species,creative_work,-1,True,1.0,1.0,1.0,1.0,0.2828651901918614,0.7171348098081386,1,0
851,airport,video game,geographical_entity,creative_work,-1,True,-1.0,-1.0,-1.0,1.0,0.4808603822516243,0.5191396177483757,1,0
11729,world heritage site,animation studio,geographical_entity,organization,1,True,-1.0,-1.0,1.0,1.0,0.3793288567889701,0.6206711432110299,1,1
5708,highway,smartphone,geographical_entity,man-made_object,-1,True,1.0,1.0,1.0,-1.0,0.4674213924851056,0.5325786075148944,1,0
9854,school teacher,ancient civilization,occupation,geographical_entity,1,True,1.0,1.0,1.0,1.0,0.2828651901918614,0.7171348098081386,1,1
10583,spider,dam,species,geographical_entity,1,True,-1.0,-1.0,-1.0,1.0,0.4808603822516243,0.5191396177483757,1,1
8117,physicist,publisher,occupation,organization,1,True,1.0,1.0,-1.0,1.0,0.3741412144346301,0.6258587855653699,1,1
98,NBA player,national park,occupation,geographical_entity,1,True,1.0,1.0,-1.0,1.0,0.3741412144346301,0.6258587855653699,1,1
2654,bird,video game,species,creative_work,-1,True,-1.0,-1.0,1.0,1.0,0.3793288567889701,0.6206711432110299,1,0
5645,highway,formula one circuit,geographical_entity,man-made_object,1,True,-1.0,-1.0,1.0,1.0,0.3793288567889701,0.6206711432110299,1,1
4220,desert,observatory,geographical_entity,man-made_object,-1,True,1.0,1.0,-1.0,-1.0,0.5708457552035261,0.4291542447964739,-1,1
722,airport,bank,geographical_entity,organization,-1,True,1.0,1.0,-1.0,-1.0,0.5708457552035261,0.4291542447964739,-1,1
8978,politician,desert,occupation,geographical_entity,1,True,1.0,1.0,1.0,-1.0,0.4674213924851056,0.5325786075148944,1,1
6254,island,religious text,geographical_entity,creative_work,1,True,1.0,1.0,-1.0,1.0,0.3741412144346301,0.6258587855653699,1,1
7079,mammal,river,species,geographical_entity,-1,True,-1.0,-1.0,-1.0,-1.0,0.6733108942104322,0.3266891057895678,-1,1
7916,patent,observatory,creative_work,man-made_object,1,True,1.0,1.0,1.0,1.0,0.2828651901918614,0.7171348098081386,1,1
7859,painting,religious text,creative_work,creative_work,1,False,1.0,1.0,-1.0,1.0,0.3741412144346301,0.6258587855653699,1,1
6470,journalist,school teacher,occupation,occupation,-1,False,1.0,1.0,-1.0,-1.0,0.5708457552035261,0.4291542447964739,-1,1
9386,religious text,percussion instrument,creative_work,man-made_object,-1,True,1.0,1.0,1.0,1.0,0.2828651901918614,0.7171348098081386,1,0
1019,amphibian,play,species,creative_work,-1,True,-1.0,-1.0,1.0,-1.0,0.5762495871181209,0.4237504128818791,-1,1
11663,website,industrial robot,creative_work,man-made_object,1,True,1.0,1.0,1.0,1.0,0.2828651901918614,0.7171348098081386,1,1
2423,bird,amphibian,species,species,1,False,1.0,1.0,-1.0,1.0,0.3741412144346301,0.6258587855653699,1,1
11723,world heritage site,ancient civilization,geographical_entity,geographical_entity,1,False,-1.0,-1.0,1.0,1.0,0.3793288567889701,0.6206711432110299,1,1
9473,researcher,dentist,occupation,occupation,1,False,1.0,1.0,1.0,-1.0,0.4674213924851056,0.5325786075148944,1,1
6152,island,bank,geographical_entity,organization,-1,True,1.0,1.0,-1.0,-1.0,0.5708457552035261,0.4291542447964739,-1,1
6746,lawyer,dam,occupation,geographical_entity,1,True,1.0,1.0,1.0,1.0,0.2828651901918614,0.7171348098081386,1,1
10712,spider,smartphone,species,man-made_object,-1,True,1.0,1.0,1.0,-1.0,0.4674213924851056,0.5325786075148944,1,0
4898,fish,spacecraft,species,man-made_object,1,True,1.0,1.0,1.0,0.0,0.3704244464631621,0.6295755535368379,1,1
1496,architect,lake,occupation,geographical_entity,-1,True,-1.0,-1.0,1.0,-1.0,0.5762495871181209,0.4237504128818791,-1,1
842,airport,technological invention,geographical_entity,creative_work,1,True,1.0,1.0,-1.0,1.0,0.3741412144346301,0.6258587855653699,1,1
653,airline pilot,river,occupation,geographical_entity,1,True,-1.0,-1.0,1.0,-1.0,0.5762495871181209,0.4237504128818791,-1,0
6398,journalist,hospital,occupation,organization,1,True,1.0,1.0,1.0,-1.0,0.4674213924851056,0.5325786075148944,1,1
3686,cooperative,travel agency,organization,organization,1,False,1.0,1.0,-1.0,0.0,0.4713827077456686,0.5286172922543314,1,1
2672,board game,animation feature film,creative_work,creative_work,1,False,-1.0,-1.0,-1.0,1.0,0.4808603822516243,0.5191396177483757,1,1
4277,desert,travel agency,geographical_entity,organization,-1,True,1.0,1.0,-1.0,-1.0,0.5708457552035261,0.4291542447964739,-1,1
6392,journalist,helicopter,occupation,man-made_object,1,True,1.0,1.0,1.0,-1.0,0.4674213924851056,0.5325786075148944,1,1
7547,nuclear power plant,submarine,geographical_entity,man-made_object,-1,True,-1.0,-1.0,1.0,-1.0,0.5762495871181209,0.4237504128818791,-1,1
9716,river,nuclear power plant,geographical_entity,geographical_entity,1,False,1.0,1.0,1.0,1.0,0.2828651901918614,0.7171348098081386,1,1
8762,police officer,conglomerate,occupation,organization,1,True,1.0,1.0,1.0,1.0,0.2828651901918614,0.7171348098081386,1,1
11429,video game,observatory,creative_work,man-made_object,1,True,1.0,1.0,-1.0,1.0,0.3741412144346301,0.6258587855653699,1,1
9836,satellite,submarine,man-made_object,man-made_object,1,False,1.0,1.0,1.0,1.0,0.2828651901918614,0.7171348098081386,1,1
4544,fast food restaurant,painting,organization,creative_work,1,True,0.0,0.0,1.0,-1.0,0.5220977118335559,0.47790228816644414,-1,0
1070,amphibian,tea company,species,organization,1,True,1.0,1.0,1.0,1.0,0.2828651901918614,0.7171348098081386,1,1
